mapa,algoritmo,iteracion,semilla,turnos,turnos_despeje,total_agentes,sobrevivientes,bajas,tasa_supervivencia,costo_total,replanificaciones,limite_turnos
mapa1_cuello.txt,bfs,0,0,40,40,16,16,0,1.0,1183.0,408,False
mapa1_cuello.txt,bfs,1,1,40,40,16,16,0,1.0,1439.0,423,False
mapa1_cuello.txt,bfs,2,2,40,40,16,16,0,1.0,1164.0,331,False
mapa1_cuello.txt,bfs,3,3,40,40,16,16,0,1.0,1194.0,385,False
mapa1_cuello.txt,bfs,4,4,58,35,16,7,9,0.4375,1507.0,441,False
mapa1_cuello.txt,bfs,5,5,40,40,16,16,0,1.0,2105.0,386,False
mapa1_cuello.txt,bfs,6,6,40,40,16,16,0,1.0,1102.0,222,False
mapa1_cuello.txt,bfs,7,7,82,35,16,9,7,0.5625,1291.0,462,False
mapa1_cuello.txt,bfs,8,8,109,,16,0,16,0.0,2467.0,1247,False
mapa1_cuello.txt,bfs,9,9,79,30,16,1,15,0.0625,1751.0,651,False
mapa1_cuello.txt,bfs,10,10,85,35,16,7,9,0.4375,2006.0,508,False
mapa1_cuello.txt,bfs,11,11,76,35,16,7,9,0.4375,1237.0,487,False
mapa1_cuello.txt,bfs,12,12,41,41,16,16,0,1.0,1437.0,358,False
mapa1_cuello.txt,bfs,13,13,76,34,16,7,9,0.4375,1522.0,588,False
mapa1_cuello.txt,bfs,14,14,39,39,16,16,0,1.0,1208.0,427,False
mapa1_cuello.txt,bfs,15,15,40,40,16,16,0,1.0,1452.0,398,False
mapa1_cuello.txt,bfs,16,16,70,35,16,7,9,0.4375,1750.0,499,False
mapa1_cuello.txt,bfs,17,17,41,41,16,16,0,1.0,1206.0,437,False
mapa1_cuello.txt,bfs,18,18,40,40,16,16,0,1.0,927.0,388,False
mapa1_cuello.txt,bfs,19,19,43,36,16,8,8,0.5,1023.0,261,False
mapa1_cuello.txt,bfs,20,20,40,40,16,16,0,1.0,1445.0,413,False
mapa1_cuello.txt,bfs,21,21,67,34,16,7,9,0.4375,1657.0,410,False
mapa1_cuello.txt,bfs,22,22,40,40,16,16,0,1.0,1428.0,386,False
mapa1_cuello.txt,bfs,23,23,41,41,16,16,0,1.0,1122.0,367,False
mapa1_cuello.txt,bfs,24,24,40,40,16,16,0,1.0,1363.0,431,False
mapa1_cuello.txt,bfs,25,25,40,40,16,16,0,1.0,1198.0,407,False
mapa1_cuello.txt,bfs,26,26,41,41,16,16,0,1.0,1358.0,345,False
mapa1_cuello.txt,bfs,27,27,41,41,16,16,0,1.0,2038.0,288,False
mapa1_cuello.txt,bfs,28,28,82,35,16,8,8,0.5,1607.0,514,False
mapa1_cuello.txt,bfs,29,29,55,37,16,12,4,0.75,1418.0,426,False
mapa1_cuello.txt,bfs,30,30,40,40,16,16,0,1.0,1195.0,360,False
mapa1_cuello.txt,bfs,31,31,103,,16,0,16,0.0,2866.0,1269,False
mapa1_cuello.txt,bfs,32,32,40,40,16,16,0,1.0,1213.0,365,False
mapa1_cuello.txt,bfs,33,33,40,40,16,16,0,1.0,2028.0,333,False
mapa1_cuello.txt,bfs,34,34,41,41,16,16,0,1.0,1295.0,281,False
mapa1_cuello.txt,bfs,35,35,41,41,16,16,0,1.0,1370.0,330,False
mapa1_cuello.txt,bfs,36,36,38,38,16,13,3,0.8125,1675.0,402,False
mapa1_cuello.txt,bfs,37,37,40,40,16,15,1,0.9375,1415.0,409,False
mapa1_cuello.txt,bfs,38,38,40,40,16,16,0,1.0,1691.0,367,False
mapa1_cuello.txt,bfs,39,39,43,36,16,9,7,0.5625,1100.0,374,False
mapa1_cuello.txt,bfs,40,40,82,35,16,7,9,0.4375,1094.0,567,False
mapa1_cuello.txt,bfs,41,41,106,32,16,2,14,0.125,2562.0,942,False
mapa1_cuello.txt,bfs,42,42,64,37,16,13,3,0.8125,1398.0,337,False
mapa1_cuello.txt,bfs,43,43,88,30,16,1,15,0.0625,2166.0,740,False
mapa1_cuello.txt,bfs,44,44,41,41,16,16,0,1.0,1365.0,394,False
mapa1_cuello.txt,bfs,45,45,85,34,16,7,9,0.4375,1883.0,605,False
mapa1_cuello.txt,bfs,46,46,40,40,16,16,0,1.0,1194.0,410,False
mapa1_cuello.txt,bfs,47,47,40,40,16,16,0,1.0,1438.0,413,False
mapa1_cuello.txt,bfs,48,48,39,39,16,16,0,1.0,1423.0,413,False
mapa1_cuello.txt,bfs,49,49,49,33,16,4,12,0.25,1049.0,426,False
mapa1_cuello.txt,bfs,50,50,82,38,16,14,2,0.875,1468.0,408,False
mapa1_cuello.txt,bfs,51,51,41,41,16,16,0,1.0,1428.0,373,False
mapa1_cuello.txt,bfs,52,52,39,39,16,15,1,0.9375,915.0,402,False
mapa1_cuello.txt,bfs,53,53,40,40,16,15,1,0.9375,1364.0,380,False
mapa1_cuello.txt,bfs,54,54,55,38,16,15,1,0.9375,2420.0,398,False
mapa1_cuello.txt,bfs,55,55,41,41,16,16,0,1.0,1363.0,368,False
mapa1_cuello.txt,bfs,56,56,40,40,16,16,0,1.0,1721.0,429,False
mapa1_cuello.txt,bfs,57,57,76,38,16,14,2,0.875,2745.0,379,False
mapa1_cuello.txt,bfs,58,58,41,41,16,16,0,1.0,1627.0,356,False
mapa1_cuello.txt,bfs,59,59,40,40,16,16,0,1.0,1421.0,355,False
mapa1_cuello.txt,bfs,60,60,39,39,16,16,0,1.0,1773.0,462,False
mapa1_cuello.txt,bfs,61,61,64,35,16,8,8,0.5,1425.0,465,False
mapa1_cuello.txt,bfs,62,62,41,41,16,16,0,1.0,1027.0,279,False
mapa1_cuello.txt,bfs,63,63,94,38,16,14,2,0.875,1165.0,405,False
mapa1_cuello.txt,bfs,64,64,40,40,16,16,0,1.0,907.0,345,False
mapa1_cuello.txt,bfs,65,65,40,40,16,16,0,1.0,2165.0,453,False
mapa1_cuello.txt,bfs,66,66,55,37,16,12,4,0.75,2082.0,383,False
mapa1_cuello.txt,bfs,67,67,41,41,16,16,0,1.0,1635.0,349,False
mapa1_cuello.txt,bfs,68,68,40,40,16,15,1,0.9375,1139.0,399,False
mapa1_cuello.txt,bfs,69,69,76,38,16,12,4,0.75,1454.0,420,False
mapa1_cuello.txt,bfs,70,70,41,41,16,16,0,1.0,1435.0,364,False
mapa1_cuello.txt,bfs,71,71,85,35,16,7,9,0.4375,1868.0,634,False
mapa1_cuello.txt,bfs,72,72,79,37,16,12,4,0.75,1822.0,437,False
mapa1_cuello.txt,bfs,73,73,70,35,16,9,7,0.5625,2161.0,423,False
mapa1_cuello.txt,bfs,74,74,39,39,16,16,0,1.0,1878.0,371,False
mapa1_cuello.txt,bfs,75,75,41,41,16,16,0,1.0,1357.0,332,False
mapa1_cuello.txt,bfs,76,76,97,,16,0,16,0.0,1851.0,1011,False
mapa1_cuello.txt,bfs,77,77,94,38,16,14,2,0.875,877.0,347,False
mapa1_cuello.txt,bfs,78,78,41,41,16,16,0,1.0,1092.0,396,False
mapa1_cuello.txt,bfs,79,79,39,39,16,16,0,1.0,2116.0,330,False
mapa1_cuello.txt,bfs,80,80,100,32,16,3,13,0.1875,1381.0,850,False
mapa1_cuello.txt,bfs,81,81,41,41,16,16,0,1.0,1119.0,367,False
mapa1_cuello.txt,bfs,82,82,94,38,16,15,1,0.9375,2209.0,485,False
mapa1_cuello.txt,bfs,83,83,49,38,16,13,3,0.8125,1402.0,444,False
mapa1_cuello.txt,bfs,84,84,40,40,16,16,0,1.0,2017.0,369,False
mapa1_cuello.txt,bfs,85,85,82,32,16,2,14,0.125,1415.0,677,False
mapa1_cuello.txt,bfs,86,86,40,40,16,16,0,1.0,1686.0,412,False
mapa1_cuello.txt,bfs,87,87,40,40,16,16,0,1.0,927.0,381,False
mapa1_cuello.txt,bfs,88,88,38,38,16,15,1,0.9375,1408.0,387,False
mapa1_cuello.txt,bfs,89,89,67,38,16,13,3,0.8125,1696.0,347,False
mapa1_cuello.txt,bfs,90,90,52,37,16,13,3,0.8125,1740.0,409,False
mapa1_cuello.txt,bfs,91,91,40,40,16,16,0,1.0,2088.0,434,False
mapa1_cuello.txt,bfs,92,92,41,41,16,16,0,1.0,2377.0,412,False
mapa1_cuello.txt,bfs,93,93,40,40,16,16,0,1.0,1128.0,347,False
mapa1_cuello.txt,bfs,94,94,85,35,16,9,7,0.5625,1826.0,745,False
mapa1_cuello.txt,bfs,95,95,41,41,16,16,0,1.0,1377.0,374,False
mapa1_cuello.txt,bfs,96,96,41,41,16,16,0,1.0,1207.0,410,False
mapa1_cuello.txt,bfs,97,97,82,35,16,7,9,0.4375,2056.0,548,False
mapa1_cuello.txt,bfs,98,98,73,,16,0,16,0.0,1245.0,634,False
mapa1_cuello.txt,bfs,99,99,41,41,16,16,0,1.0,1354.0,360,False
mapa1_cuello.txt,bfs,100,100,40,40,16,16,0,1.0,1660.0,451,False
mapa1_cuello.txt,bfs,101,101,85,32,16,2,14,0.125,1418.0,715,False
mapa1_cuello.txt,bfs,102,102,70,35,16,7,9,0.4375,1956.0,614,False
mapa1_cuello.txt,bfs,103,103,39,39,16,16,0,1.0,1518.0,374,False
mapa1_cuello.txt,bfs,104,104,38,38,16,15,1,0.9375,1492.0,455,False
mapa1_cuello.txt,bfs,105,105,39,39,16,16,0,1.0,1642.0,366,False
mapa1_cuello.txt,bfs,106,106,41,41,16,16,0,1.0,1208.0,426,False
mapa1_cuello.txt,bfs,107,107,40,40,16,16,0,1.0,1204.0,429,False
mapa1_cuello.txt,bfs,108,108,40,40,16,16,0,1.0,1637.0,386,False
mapa1_cuello.txt,bfs,109,109,97,,16,0,16,0.0,1953.0,988,False
mapa1_cuello.txt,bfs,110,110,41,41,16,16,0,1.0,1500.0,441,False
mapa1_cuello.txt,bfs,111,111,39,39,16,16,0,1.0,1198.0,418,False
mapa1_cuello.txt,bfs,112,112,64,34,16,6,10,0.375,2109.0,493,False
mapa1_cuello.txt,bfs,113,113,39,39,16,16,0,1.0,2110.0,410,False
mapa1_cuello.txt,bfs,114,114,41,41,16,16,0,1.0,1701.0,403,False
mapa1_cuello.txt,bfs,115,115,40,40,16,16,0,1.0,1959.0,324,False
mapa1_cuello.txt,bfs,116,116,58,38,16,14,2,0.875,1137.0,398,False
mapa1_cuello.txt,bfs,117,117,85,31,16,1,15,0.0625,1561.0,809,False
mapa1_cuello.txt,bfs,118,118,40,40,16,16,0,1.0,2047.0,362,False
mapa1_cuello.txt,bfs,119,119,39,39,16,16,0,1.0,1519.0,368,False
mapa1_cuello.txt,bfs,120,120,40,40,16,16,0,1.0,1793.0,401,False
mapa1_cuello.txt,bfs,121,121,64,38,16,15,1,0.9375,1436.0,398,False
mapa1_cuello.txt,bfs,122,122,52,38,16,15,1,0.9375,1699.0,407,False
mapa1_cuello.txt,bfs,123,123,91,34,16,6,10,0.375,1775.0,708,False
mapa1_cuello.txt,bfs,124,124,39,39,16,15,1,0.9375,1147.0,388,False
mapa1_cuello.txt,bfs,125,125,64,38,16,14,2,0.875,1453.0,405,False
mapa1_cuello.txt,bfs,126,126,85,32,16,2,14,0.125,1686.0,731,False
mapa1_cuello.txt,bfs,127,127,41,41,16,16,0,1.0,860.0,345,False
mapa1_cuello.txt,bfs,128,128,40,40,16,16,0,1.0,1843.0,441,False
mapa1_cuello.txt,bfs,129,129,82,35,16,9,7,0.5625,1301.0,536,False
mapa1_cuello.txt,bfs,130,130,61,37,16,13,3,0.8125,1504.0,467,False
mapa1_cuello.txt,bfs,131,131,103,31,16,1,15,0.0625,1504.0,867,False
mapa1_cuello.txt,bfs,132,132,40,40,16,16,0,1.0,1748.0,361,False
mapa1_cuello.txt,bfs,133,133,58,37,16,14,2,0.875,2696.0,415,False
mapa1_cuello.txt,bfs,134,134,39,39,16,16,0,1.0,2029.0,313,False
mapa1_cuello.txt,bfs,135,135,41,41,16,16,0,1.0,1812.0,428,False
mapa1_cuello.txt,bfs,136,136,38,38,16,15,1,0.9375,1906.0,430,False
mapa1_cuello.txt,bfs,137,137,39,39,16,15,1,0.9375,1398.0,369,False
mapa1_cuello.txt,bfs,138,138,40,40,16,15,1,0.9375,1167.0,387,False
mapa1_cuello.txt,bfs,139,139,70,38,16,13,3,0.8125,838.0,368,False
mapa1_cuello.txt,bfs,140,140,40,40,16,16,0,1.0,944.0,381,False
mapa1_cuello.txt,bfs,141,141,70,35,16,7,9,0.4375,1451.0,428,False
mapa1_cuello.txt,bfs,142,142,64,33,16,4,12,0.25,882.0,481,False
mapa1_cuello.txt,bfs,143,143,39,39,16,15,1,0.9375,1490.0,465,False
mapa1_cuello.txt,bfs,144,144,58,38,16,14,2,0.875,2127.0,391,False
mapa1_cuello.txt,bfs,145,145,41,41,16,16,0,1.0,1967.0,308,False
mapa1_cuello.txt,bfs,146,146,41,41,16,16,0,1.0,1176.0,390,False
mapa1_cuello.txt,bfs,147,147,41,41,16,16,0,1.0,1087.0,355,False
mapa1_cuello.txt,bfs,148,148,40,40,16,16,0,1.0,1496.0,377,False
mapa1_cuello.txt,bfs,149,149,88,35,16,9,7,0.5625,1924.0,641,False
mapa1_cuello.txt,bfs,150,150,52,37,16,13,3,0.8125,1816.0,372,False
mapa1_cuello.txt,bfs,151,151,40,40,16,16,0,1.0,1415.0,361,False
mapa1_cuello.txt,bfs,152,152,40,40,16,16,0,1.0,1347.0,354,False
mapa1_cuello.txt,bfs,153,153,40,40,16,16,0,1.0,1758.0,404,False
mapa1_cuello.txt,bfs,154,154,61,34,16,5,11,0.3125,1421.0,475,False
mapa1_cuello.txt,bfs,155,155,73,35,16,8,8,0.5,1475.0,547,False
mapa1_cuello.txt,bfs,156,156,64,34,16,6,10,0.375,1990.0,481,False
mapa1_cuello.txt,bfs,157,157,58,33,16,4,12,0.25,1074.0,344,False
mapa1_cuello.txt,bfs,158,158,41,41,16,16,0,1.0,1351.0,316,False
mapa1_cuello.txt,bfs,159,159,79,35,16,9,7,0.5625,1656.0,622,False
mapa1_cuello.txt,bfs,160,160,70,37,16,13,3,0.8125,2100.0,405,False
mapa1_cuello.txt,bfs,161,161,41,41,16,16,0,1.0,1211.0,415,False
mapa1_cuello.txt,bfs,162,162,70,32,16,3,13,0.1875,1309.0,656,False
mapa1_cuello.txt,bfs,163,163,94,32,16,3,13,0.1875,2267.0,862,False
mapa1_cuello.txt,bfs,164,164,40,40,16,16,0,1.0,1145.0,398,False
mapa1_cuello.txt,bfs,165,165,41,41,16,16,0,1.0,1103.0,347,False
mapa1_cuello.txt,bfs,166,166,82,35,16,7,9,0.4375,1349.0,609,False
mapa1_cuello.txt,bfs,167,167,41,41,16,16,0,1.0,1317.0,328,False
mapa1_cuello.txt,bfs,168,168,40,40,16,16,0,1.0,1837.0,427,False
mapa1_cuello.txt,bfs,169,169,73,35,16,9,7,0.5625,1539.0,510,False
mapa1_cuello.txt,bfs,170,170,52,37,16,12,4,0.75,1426.0,354,False
mapa1_cuello.txt,bfs,171,171,40,40,16,16,0,1.0,1725.0,334,False
mapa1_cuello.txt,bfs,172,172,73,35,16,8,8,0.5,1942.0,516,False
mapa1_cuello.txt,bfs,173,173,41,41,16,16,0,1.0,1160.0,366,False
mapa1_cuello.txt,bfs,174,174,40,40,16,16,0,1.0,1441.0,390,False
mapa1_cuello.txt,bfs,175,175,67,,16,0,16,0.0,1202.0,583,False
mapa1_cuello.txt,bfs,176,176,67,35,16,8,8,0.5,1633.0,577,False
mapa1_cuello.txt,bfs,177,177,41,41,16,16,0,1.0,924.0,429,False
mapa1_cuello.txt,bfs,178,178,40,40,16,16,0,1.0,1444.0,350,False
mapa1_cuello.txt,bfs,179,179,39,39,16,16,0,1.0,1200.0,387,False
mapa1_cuello.txt,bfs,180,180,40,40,16,16,0,1.0,1156.0,329,False
mapa1_cuello.txt,bfs,181,181,39,39,16,16,0,1.0,1821.0,414,False
mapa1_cuello.txt,bfs,182,182,40,40,16,15,1,0.9375,856.0,368,False
mapa1_cuello.txt,bfs,183,183,82,35,16,8,8,0.5,1312.0,591,False
mapa1_cuello.txt,bfs,184,184,91,35,16,7,9,0.4375,1486.0,649,False
mapa1_cuello.txt,bfs,185,185,97,35,16,8,8,0.5,2334.0,599,False
mapa1_cuello.txt,bfs,186,186,41,41,16,16,0,1.0,1091.0,375,False
mapa1_cuello.txt,bfs,187,187,67,37,16,13,3,0.8125,2041.0,410,False
mapa1_cuello.txt,bfs,188,188,41,41,16,16,0,1.0,1068.0,277,False
mapa1_cuello.txt,bfs,189,189,100,32,16,2,14,0.125,1406.0,908,False
mapa1_cuello.txt,bfs,190,190,40,40,16,16,0,1.0,2022.0,349,False
mapa1_cuello.txt,bfs,191,191,88,38,16,13,3,0.8125,1185.0,350,False
mapa1_cuello.txt,bfs,192,192,41,41,16,16,0,1.0,2397.0,447,False
mapa1_cuello.txt,bfs,193,193,82,35,16,8,8,0.5,1695.0,625,False
mapa1_cuello.txt,bfs,194,194,40,40,16,16,0,1.0,1199.0,427,False
mapa1_cuello.txt,bfs,195,195,40,40,16,16,0,1.0,1135.0,335,False
mapa1_cuello.txt,bfs,196,196,91,35,16,9,7,0.5625,2524.0,618,False
mapa1_cuello.txt,bfs,197,197,39,39,16,16,0,1.0,1192.0,327,False
mapa1_cuello.txt,bfs,198,198,61,38,16,14,2,0.875,1507.0,468,False
mapa1_cuello.txt,bfs,199,199,85,,16,0,16,0.0,1885.0,895,False
mapa1_cuello.txt,ucs,0,0,46,46,16,16,0,1.0,1353.0,61,False
mapa1_cuello.txt,ucs,1,1,43,43,16,12,4,0.75,1975.0,79,False
mapa1_cuello.txt,ucs,2,2,48,48,16,16,0,1.0,1456.0,42,False
mapa1_cuello.txt,ucs,3,3,45,45,16,13,3,0.8125,1083.0,58,False
mapa1_cuello.txt,ucs,4,4,73,36,16,6,10,0.375,1718.0,468,False
mapa1_cuello.txt,ucs,5,5,67,41,16,11,5,0.6875,1825.0,108,False
mapa1_cuello.txt,ucs,6,6,73,39,16,11,5,0.6875,1411.0,146,False
mapa1_cuello.txt,ucs,7,7,91,33,16,5,11,0.3125,1350.0,366,False
mapa1_cuello.txt,ucs,8,8,94,,16,0,16,0.0,1794.0,699,False
mapa1_cuello.txt,ucs,9,9,79,30,16,1,15,0.0625,1321.0,353,False
mapa1_cuello.txt,ucs,10,10,70,38,16,5,11,0.3125,1594.0,298,False
mapa1_cuello.txt,ucs,11,11,85,38,16,5,11,0.3125,1725.0,346,False
mapa1_cuello.txt,ucs,12,12,44,44,16,16,0,1.0,2599.0,53,False
mapa1_cuello.txt,ucs,13,13,82,38,16,5,11,0.3125,1487.0,387,False
mapa1_cuello.txt,ucs,14,14,46,46,16,16,0,1.0,904.0,150,False
mapa1_cuello.txt,ucs,15,15,46,46,16,16,0,1.0,2708.0,76,False
mapa1_cuello.txt,ucs,16,16,94,34,16,6,10,0.375,1543.0,317,False
mapa1_cuello.txt,ucs,17,17,43,43,16,16,0,1.0,2626.0,84,False
mapa1_cuello.txt,ucs,18,18,61,42,16,11,5,0.6875,1036.0,168,False
mapa1_cuello.txt,ucs,19,19,73,35,16,7,9,0.4375,1172.0,287,False
mapa1_cuello.txt,ucs,20,20,70,43,16,12,4,0.75,1135.0,242,False
mapa1_cuello.txt,ucs,21,21,73,33,16,4,12,0.25,1543.0,317,False
mapa1_cuello.txt,ucs,22,22,52,45,16,14,2,0.875,1640.0,91,False
mapa1_cuello.txt,ucs,23,23,91,40,16,10,6,0.625,960.0,209,False
mapa1_cuello.txt,ucs,24,24,48,48,16,15,1,0.9375,1259.0,118,False
mapa1_cuello.txt,ucs,25,25,91,41,16,13,3,0.8125,1538.0,235,False
mapa1_cuello.txt,ucs,26,26,46,43,16,13,3,0.8125,950.0,136,False
mapa1_cuello.txt,ucs,27,27,67,40,16,9,7,0.5625,1895.0,203,False
mapa1_cuello.txt,ucs,28,28,79,41,16,8,8,0.5,1303.0,304,False
mapa1_cuello.txt,ucs,29,29,103,36,16,7,9,0.4375,2369.0,438,False
mapa1_cuello.txt,ucs,30,30,79,45,16,14,2,0.875,1544.0,107,False
mapa1_cuello.txt,ucs,31,31,100,,16,0,16,0.0,2553.0,790,False
mapa1_cuello.txt,ucs,32,32,70,41,16,8,8,0.5,1589.0,346,False
mapa1_cuello.txt,ucs,33,33,45,45,16,12,4,0.75,2610.0,177,False
mapa1_cuello.txt,ucs,34,34,58,40,16,9,7,0.5625,1364.0,127,False
mapa1_cuello.txt,ucs,35,35,79,39,16,11,5,0.6875,2373.0,193,False
mapa1_cuello.txt,ucs,36,36,70,38,16,5,11,0.3125,1367.0,220,False
mapa1_cuello.txt,ucs,37,37,100,42,16,9,7,0.5625,1098.0,310,False
mapa1_cuello.txt,ucs,38,38,115,49,16,13,3,0.8125,2293.0,243,False
mapa1_cuello.txt,ucs,39,39,94,32,16,3,13,0.1875,1512.0,431,False
mapa1_cuello.txt,ucs,40,40,85,38,16,6,10,0.375,1057.0,406,False
mapa1_cuello.txt,ucs,41,41,109,32,16,2,14,0.125,2392.0,663,False
mapa1_cuello.txt,ucs,42,42,67,34,16,6,10,0.375,1786.0,275,False
mapa1_cuello.txt,ucs,43,43,97,30,16,1,15,0.0625,2523.0,567,False
mapa1_cuello.txt,ucs,44,44,103,41,16,11,5,0.6875,902.0,220,False
mapa1_cuello.txt,ucs,45,45,103,38,16,5,11,0.3125,1920.0,642,False
mapa1_cuello.txt,ucs,46,46,76,43,16,12,4,0.75,1348.0,173,False
mapa1_cuello.txt,ucs,47,47,85,44,16,11,5,0.6875,2022.0,147,False
mapa1_cuello.txt,ucs,48,48,79,44,16,10,6,0.625,2458.0,208,False
mapa1_cuello.txt,ucs,49,49,94,32,16,3,13,0.1875,1801.0,306,False
mapa1_cuello.txt,ucs,50,50,112,39,16,8,8,0.5,1341.0,307,False
mapa1_cuello.txt,ucs,51,51,52,49,16,14,2,0.875,1534.0,78,False
mapa1_cuello.txt,ucs,52,52,109,38,16,10,6,0.625,1323.0,304,False
mapa1_cuello.txt,ucs,53,53,76,38,16,8,8,0.5,1898.0,288,False
mapa1_cuello.txt,ucs,54,54,94,37,16,8,8,0.5,2531.0,285,False
mapa1_cuello.txt,ucs,55,55,67,39,16,8,8,0.5,1403.0,300,False
mapa1_cuello.txt,ucs,56,56,67,43,16,11,5,0.6875,2561.0,319,False
mapa1_cuello.txt,ucs,57,57,94,37,16,7,9,0.4375,1980.0,287,False
mapa1_cuello.txt,ucs,58,58,47,47,16,14,2,0.875,1879.0,69,False
mapa1_cuello.txt,ucs,59,59,55,53,16,14,2,0.875,1789.0,162,False
mapa1_cuello.txt,ucs,60,60,64,37,16,6,10,0.375,2322.0,223,False
mapa1_cuello.txt,ucs,61,61,70,32,16,4,12,0.25,1392.0,309,False
mapa1_cuello.txt,ucs,62,62,58,41,16,14,2,0.875,934.0,109,False
mapa1_cuello.txt,ucs,63,63,103,40,16,9,7,0.5625,1369.0,245,False
mapa1_cuello.txt,ucs,64,64,76,39,16,10,6,0.625,1835.0,180,False
mapa1_cuello.txt,ucs,65,65,91,44,16,11,5,0.6875,2262.0,160,False
mapa1_cuello.txt,ucs,66,66,58,39,16,8,8,0.5,2012.0,228,False
mapa1_cuello.txt,ucs,67,67,109,41,16,10,6,0.625,1733.0,171,False
mapa1_cuello.txt,ucs,68,68,79,42,16,8,8,0.5,1223.0,290,False
mapa1_cuello.txt,ucs,69,69,70,37,16,7,9,0.4375,1567.0,288,False
mapa1_cuello.txt,ucs,70,70,57,57,16,14,2,0.875,1557.0,78,False
mapa1_cuello.txt,ucs,71,71,91,39,16,7,9,0.4375,1494.0,436,False
mapa1_cuello.txt,ucs,72,72,100,39,16,8,8,0.5,1948.0,282,False
mapa1_cuello.txt,ucs,73,73,76,35,16,6,10,0.375,2174.0,406,False
mapa1_cuello.txt,ucs,74,74,97,42,16,12,4,0.75,1335.0,185,False
mapa1_cuello.txt,ucs,75,75,85,43,16,11,5,0.6875,1997.0,118,False
mapa1_cuello.txt,ucs,76,76,82,,16,0,16,0.0,1647.0,452,False
mapa1_cuello.txt,ucs,77,77,94,41,16,11,5,0.6875,833.0,201,False
mapa1_cuello.txt,ucs,78,78,48,48,16,16,0,1.0,1314.0,116,False
mapa1_cuello.txt,ucs,79,79,103,43,16,13,3,0.8125,2656.0,219,False
mapa1_cuello.txt,ucs,80,80,100,38,16,5,11,0.3125,1426.0,479,False
mapa1_cuello.txt,ucs,81,81,73,40,16,10,6,0.625,1642.0,229,False
mapa1_cuello.txt,ucs,82,82,94,43,16,12,4,0.75,1807.0,224,False
mapa1_cuello.txt,ucs,83,83,73,37,16,5,11,0.3125,2180.0,261,False
mapa1_cuello.txt,ucs,84,84,76,42,16,10,6,0.625,2465.0,237,False
mapa1_cuello.txt,ucs,85,85,91,32,16,2,14,0.125,1111.0,487,False
mapa1_cuello.txt,ucs,86,86,70,43,16,11,5,0.6875,2494.0,109,False
mapa1_cuello.txt,ucs,87,87,82,45,16,14,2,0.875,1273.0,153,False
mapa1_cuello.txt,ucs,88,88,88,38,16,8,8,0.5,2191.0,331,False
mapa1_cuello.txt,ucs,89,89,79,37,16,7,9,0.4375,1311.0,338,False
mapa1_cuello.txt,ucs,90,90,97,38,16,8,8,0.5,1513.0,178,False
mapa1_cuello.txt,ucs,91,91,52,46,16,13,3,0.8125,944.0,149,False
mapa1_cuello.txt,ucs,92,92,45,45,16,16,0,1.0,2451.0,138,False
mapa1_cuello.txt,ucs,93,93,100,39,16,10,6,0.625,1098.0,247,False
mapa1_cuello.txt,ucs,94,94,97,37,16,7,9,0.4375,2088.0,399,False
mapa1_cuello.txt,ucs,95,95,97,39,16,12,4,0.75,2197.0,129,False
mapa1_cuello.txt,ucs,96,96,64,43,16,15,1,0.9375,1108.0,207,False
mapa1_cuello.txt,ucs,97,97,82,37,16,6,10,0.375,2087.0,328,False
mapa1_cuello.txt,ucs,98,98,79,,16,0,16,0.0,1780.0,440,False
mapa1_cuello.txt,ucs,99,99,73,41,16,10,6,0.625,1762.0,188,False
mapa1_cuello.txt,ucs,100,100,91,60,16,15,1,0.9375,2033.0,103,False
mapa1_cuello.txt,ucs,101,101,91,32,16,2,14,0.125,1311.0,413,False
mapa1_cuello.txt,ucs,102,102,88,38,16,7,9,0.4375,1260.0,296,False
mapa1_cuello.txt,ucs,103,103,41,41,16,16,0,1.0,1286.0,102,False
mapa1_cuello.txt,ucs,104,104,91,39,16,10,6,0.625,1705.0,282,False
mapa1_cuello.txt,ucs,105,105,46,46,16,16,0,1.0,1540.0,84,False
mapa1_cuello.txt,ucs,106,106,76,43,16,11,5,0.6875,1492.0,151,False
mapa1_cuello.txt,ucs,107,107,70,38,16,6,10,0.375,1309.0,306,False
mapa1_cuello.txt,ucs,108,108,46,46,16,16,0,1.0,1801.0,47,False
mapa1_cuello.txt,ucs,109,109,100,,16,0,16,0.0,1190.0,631,False
mapa1_cuello.txt,ucs,110,110,118,44,16,15,1,0.9375,1428.0,257,False
mapa1_cuello.txt,ucs,111,111,55,55,16,16,0,1.0,2043.0,108,False
mapa1_cuello.txt,ucs,112,112,70,38,16,6,10,0.375,1854.0,315,False
mapa1_cuello.txt,ucs,113,113,70,41,16,11,5,0.6875,2152.0,195,False
mapa1_cuello.txt,ucs,114,114,55,51,16,15,1,0.9375,1240.0,170,False
mapa1_cuello.txt,ucs,115,115,47,47,16,15,1,0.9375,2691.0,86,False
mapa1_cuello.txt,ucs,116,116,82,37,16,9,7,0.5625,1237.0,190,False
mapa1_cuello.txt,ucs,117,117,106,31,16,1,15,0.0625,2001.0,555,False
mapa1_cuello.txt,ucs,118,118,103,39,16,8,8,0.5,1301.0,336,False
mapa1_cuello.txt,ucs,119,119,45,45,16,14,2,0.875,1461.0,106,False
mapa1_cuello.txt,ucs,120,120,70,42,16,9,7,0.5625,1267.0,165,False
mapa1_cuello.txt,ucs,121,121,76,37,16,8,8,0.5,1548.0,290,False
mapa1_cuello.txt,ucs,122,122,82,37,16,6,10,0.375,2189.0,356,False
mapa1_cuello.txt,ucs,123,123,106,37,16,5,11,0.3125,1286.0,314,False
mapa1_cuello.txt,ucs,124,124,70,37,16,6,10,0.375,969.0,283,False
mapa1_cuello.txt,ucs,125,125,100,37,16,8,8,0.5,2181.0,304,False
mapa1_cuello.txt,ucs,126,126,91,32,16,2,14,0.125,1811.0,458,False
mapa1_cuello.txt,ucs,127,127,55,42,16,11,5,0.6875,916.0,154,False
mapa1_cuello.txt,ucs,128,128,103,45,16,15,1,0.9375,2087.0,185,False
mapa1_cuello.txt,ucs,129,129,88,39,16,6,10,0.375,1412.0,416,False
mapa1_cuello.txt,ucs,130,130,70,37,16,6,10,0.375,1803.0,222,False
mapa1_cuello.txt,ucs,131,131,94,31,16,1,15,0.0625,922.0,383,False
mapa1_cuello.txt,ucs,132,132,70,45,16,13,3,0.8125,1914.0,95,False
mapa1_cuello.txt,ucs,133,133,70,39,16,8,8,0.5,3013.0,210,False
mapa1_cuello.txt,ucs,134,134,106,47,16,14,2,0.875,2181.0,137,False
mapa1_cuello.txt,ucs,135,135,118,48,16,10,6,0.625,2641.0,405,False
mapa1_cuello.txt,ucs,136,136,76,40,16,8,8,0.5,1392.0,332,False
mapa1_cuello.txt,ucs,137,137,64,41,16,12,4,0.75,2179.0,144,False
mapa1_cuello.txt,ucs,138,138,64,41,16,8,8,0.5,1511.0,232,False
mapa1_cuello.txt,ucs,139,139,82,38,16,10,6,0.625,1067.0,251,False
mapa1_cuello.txt,ucs,140,140,46,46,16,16,0,1.0,1878.0,147,False
mapa1_cuello.txt,ucs,141,141,70,35,16,7,9,0.4375,2187.0,344,False
mapa1_cuello.txt,ucs,142,142,64,32,16,3,13,0.1875,1042.0,391,False
mapa1_cuello.txt,ucs,143,143,76,40,16,8,8,0.5,1185.0,359,False
mapa1_cuello.txt,ucs,144,144,76,34,16,5,11,0.3125,2118.0,296,False
mapa1_cuello.txt,ucs,145,145,46,45,16,13,3,0.8125,1581.0,88,False
mapa1_cuello.txt,ucs,146,146,46,46,16,14,2,0.875,1004.0,143,False
mapa1_cuello.txt,ucs,147,147,97,47,16,15,1,0.9375,1143.0,213,False
mapa1_cuello.txt,ucs,148,148,46,46,16,16,0,1.0,1000.0,160,False
mapa1_cuello.txt,ucs,149,149,103,38,16,6,10,0.375,2539.0,540,False
mapa1_cuello.txt,ucs,150,150,73,39,16,7,9,0.4375,1197.0,311,False
mapa1_cuello.txt,ucs,151,151,45,45,16,16,0,1.0,943.0,143,False
mapa1_cuello.txt,ucs,152,152,62,62,16,16,0,1.0,1375.0,31,False
mapa1_cuello.txt,ucs,153,153,50,50,16,16,0,1.0,1284.0,233,False
mapa1_cuello.txt,ucs,154,154,82,33,16,4,12,0.25,1471.0,345,False
mapa1_cuello.txt,ucs,155,155,73,39,16,4,12,0.25,1034.0,343,False
mapa1_cuello.txt,ucs,156,156,61,34,16,6,10,0.375,1691.0,324,False
mapa1_cuello.txt,ucs,157,157,58,33,16,4,12,0.25,787.0,212,False
mapa1_cuello.txt,ucs,158,158,73,41,16,9,7,0.5625,1329.0,137,False
mapa1_cuello.txt,ucs,159,159,79,37,16,4,12,0.25,2211.0,405,False
mapa1_cuello.txt,ucs,160,160,49,39,16,8,8,0.5,2608.0,99,False
mapa1_cuello.txt,ucs,161,161,50,50,16,14,2,0.875,1798.0,88,False
mapa1_cuello.txt,ucs,162,162,79,32,16,3,13,0.1875,1320.0,469,False
mapa1_cuello.txt,ucs,163,163,91,32,16,3,13,0.1875,1364.0,445,False
mapa1_cuello.txt,ucs,164,164,109,39,16,9,7,0.5625,2035.0,316,False
mapa1_cuello.txt,ucs,165,165,44,44,16,16,0,1.0,1221.0,95,False
mapa1_cuello.txt,ucs,166,166,94,39,16,6,10,0.375,1309.0,346,False
mapa1_cuello.txt,ucs,167,167,70,44,16,9,7,0.5625,1473.0,213,False
mapa1_cuello.txt,ucs,168,168,46,45,16,13,3,0.8125,1365.0,76,False
mapa1_cuello.txt,ucs,169,169,109,32,16,3,13,0.1875,1490.0,365,False
mapa1_cuello.txt,ucs,170,170,73,37,16,8,8,0.5,1883.0,333,False
mapa1_cuello.txt,ucs,171,171,82,38,16,10,6,0.625,2551.0,222,False
mapa1_cuello.txt,ucs,172,172,70,39,16,7,9,0.4375,1330.0,341,False
mapa1_cuello.txt,ucs,173,173,67,45,16,10,6,0.625,1410.0,182,False
mapa1_cuello.txt,ucs,174,174,97,44,16,11,5,0.6875,2447.0,217,False
mapa1_cuello.txt,ucs,175,175,73,,16,0,16,0.0,1246.0,458,False
mapa1_cuello.txt,ucs,176,176,94,38,16,5,11,0.3125,2116.0,469,False
mapa1_cuello.txt,ucs,177,177,47,47,16,16,0,1.0,1980.0,119,False
mapa1_cuello.txt,ucs,178,178,44,44,16,16,0,1.0,1356.0,144,False
mapa1_cuello.txt,ucs,179,179,45,45,16,16,0,1.0,2094.0,75,False
mapa1_cuello.txt,ucs,180,180,100,40,16,11,5,0.6875,1346.0,188,False
mapa1_cuello.txt,ucs,181,181,70,40,16,8,8,0.5,2085.0,198,False
mapa1_cuello.txt,ucs,182,182,103,40,16,9,7,0.5625,1743.0,331,False
mapa1_cuello.txt,ucs,183,183,76,38,16,7,9,0.4375,1620.0,397,False
mapa1_cuello.txt,ucs,184,184,106,39,16,7,9,0.4375,1489.0,531,False
mapa1_cuello.txt,ucs,185,185,85,35,16,8,8,0.5,2133.0,325,False
mapa1_cuello.txt,ucs,186,186,103,41,16,11,5,0.6875,967.0,193,False
mapa1_cuello.txt,ucs,187,187,64,39,16,8,8,0.5,1518.0,241,False
mapa1_cuello.txt,ucs,188,188,49,43,16,14,2,0.875,818.0,94,False
mapa1_cuello.txt,ucs,189,189,100,32,16,2,14,0.125,1287.0,610,False
mapa1_cuello.txt,ucs,190,190,67,45,16,13,3,0.8125,1316.0,76,False
mapa1_cuello.txt,ucs,191,191,76,34,16,6,10,0.375,2152.0,353,False
mapa1_cuello.txt,ucs,192,192,67,41,16,10,6,0.625,2943.0,170,False
mapa1_cuello.txt,ucs,193,193,97,38,16,5,11,0.3125,2994.0,490,False
mapa1_cuello.txt,ucs,194,194,61,44,16,10,6,0.625,975.0,212,False
mapa1_cuello.txt,ucs,195,195,58,39,16,9,7,0.5625,869.0,187,False
mapa1_cuello.txt,ucs,196,196,67,37,16,4,12,0.25,2261.0,360,False
mapa1_cuello.txt,ucs,197,197,61,41,16,11,5,0.6875,1089.0,104,False
mapa1_cuello.txt,ucs,198,198,70,41,16,11,5,0.6875,2410.0,225,False
mapa1_cuello.txt,ucs,199,199,76,,16,0,16,0.0,1234.0,459,False
mapa1_cuello.txt,greedy,0,0,54,54,16,14,2,0.875,1497.0,412,False
mapa1_cuello.txt,greedy,1,1,106,,16,0,16,0.0,2655.0,1022,False
mapa1_cuello.txt,greedy,2,2,85,50,16,2,14,0.125,1965.0,674,False
mapa1_cuello.txt,greedy,3,3,49,49,16,14,2,0.875,1697.0,349,False
mapa1_cuello.txt,greedy,4,4,100,,16,0,16,0.0,2906.0,1182,False
mapa1_cuello.txt,greedy,5,5,106,,16,0,16,0.0,2172.0,1091,False
mapa1_cuello.txt,greedy,6,6,109,,16,0,16,0.0,2372.0,1138,False
mapa1_cuello.txt,greedy,7,7,103,,16,0,16,0.0,2222.0,1210,False
mapa1_cuello.txt,greedy,8,8,85,,16,0,16,0.0,1964.0,1028,False
mapa1_cuello.txt,greedy,9,9,85,,16,0,16,0.0,1259.0,809,False
mapa1_cuello.txt,greedy,10,10,100,,16,0,16,0.0,3055.0,1265,False
mapa1_cuello.txt,greedy,11,11,109,,16,0,16,0.0,1593.0,1040,False
mapa1_cuello.txt,greedy,12,12,94,,16,0,16,0.0,1778.0,675,False
mapa1_cuello.txt,greedy,13,13,103,,16,0,16,0.0,2197.0,1311,False
mapa1_cuello.txt,greedy,14,14,121,,16,0,16,0.0,2332.0,1256,False
mapa1_cuello.txt,greedy,15,15,67,53,16,6,10,0.375,2209.0,657,False
mapa1_cuello.txt,greedy,16,16,97,,16,0,16,0.0,2315.0,1244,False
mapa1_cuello.txt,greedy,17,17,56,56,16,12,4,0.75,2544.0,447,False
mapa1_cuello.txt,greedy,18,18,115,,16,0,16,0.0,2191.0,1199,False
mapa1_cuello.txt,greedy,19,19,103,,16,0,16,0.0,1734.0,1028,False
mapa1_cuello.txt,greedy,20,20,106,,16,0,16,0.0,2235.0,1268,False
mapa1_cuello.txt,greedy,21,21,100,,16,0,16,0.0,2388.0,1092,False
mapa1_cuello.txt,greedy,22,22,115,49,16,1,15,0.0625,2130.0,992,False
mapa1_cuello.txt,greedy,23,23,115,,16,0,16,0.0,2316.0,1146,False
mapa1_cuello.txt,greedy,24,24,67,54,16,8,8,0.5,2133.0,618,False
mapa1_cuello.txt,greedy,25,25,106,,16,0,16,0.0,2257.0,1160,False
mapa1_cuello.txt,greedy,26,26,115,,16,0,16,0.0,2415.0,1207,False
mapa1_cuello.txt,greedy,27,27,118,,16,0,16,0.0,2577.0,1347,False
mapa1_cuello.txt,greedy,28,28,94,,16,0,16,0.0,2074.0,1187,False
mapa1_cuello.txt,greedy,29,29,97,,16,0,16,0.0,1746.0,978,False
mapa1_cuello.txt,greedy,30,30,91,50,16,1,15,0.0625,2057.0,674,False
mapa1_cuello.txt,greedy,31,31,97,,16,0,16,0.0,1614.0,922,False
mapa1_cuello.txt,greedy,32,32,97,,16,0,16,0.0,2086.0,1227,False
mapa1_cuello.txt,greedy,33,33,112,,16,0,16,0.0,3158.0,1135,False
mapa1_cuello.txt,greedy,34,34,118,,16,0,16,0.0,2259.0,1307,False
mapa1_cuello.txt,greedy,35,35,103,,16,0,16,0.0,2701.0,1330,False
mapa1_cuello.txt,greedy,36,36,106,,16,0,16,0.0,1935.0,1136,False
mapa1_cuello.txt,greedy,37,37,94,,16,0,16,0.0,1695.0,871,False
mapa1_cuello.txt,greedy,38,38,50,50,16,15,1,0.9375,2469.0,293,False
mapa1_cuello.txt,greedy,39,39,82,,16,0,16,0.0,1165.0,665,False
mapa1_cuello.txt,greedy,40,40,100,,16,0,16,0.0,1507.0,924,False
mapa1_cuello.txt,greedy,41,41,106,,16,0,16,0.0,2283.0,1131,False
mapa1_cuello.txt,greedy,42,42,103,,16,0,16,0.0,2117.0,1214,False
mapa1_cuello.txt,greedy,43,43,94,,16,0,16,0.0,2117.0,1158,False
mapa1_cuello.txt,greedy,44,44,70,43,16,6,10,0.375,1211.0,589,False
mapa1_cuello.txt,greedy,45,45,103,,16,0,16,0.0,2810.0,1347,False
mapa1_cuello.txt,greedy,46,46,124,,16,0,16,0.0,2858.0,1347,False
mapa1_cuello.txt,greedy,47,47,88,44,16,6,10,0.375,2396.0,663,False
mapa1_cuello.txt,greedy,48,48,103,43,16,4,12,0.25,2010.0,684,False
mapa1_cuello.txt,greedy,49,49,97,,16,0,16,0.0,1440.0,902,False
mapa1_cuello.txt,greedy,50,50,112,,16,0,16,0.0,2707.0,1177,False
mapa1_cuello.txt,greedy,51,51,115,,16,0,16,0.0,3974.0,1269,False
mapa1_cuello.txt,greedy,52,52,97,39,16,1,15,0.0625,1828.0,694,False
mapa1_cuello.txt,greedy,53,53,97,,16,0,16,0.0,1940.0,942,False
mapa1_cuello.txt,greedy,54,54,103,,16,0,16,0.0,2375.0,1117,False
mapa1_cuello.txt,greedy,55,55,100,,16,0,16,0.0,1995.0,1214,False
mapa1_cuello.txt,greedy,56,56,112,,16,0,16,0.0,2443.0,1334,False
mapa1_cuello.txt,greedy,57,57,124,,16,0,16,0.0,3521.0,1493,False
mapa1_cuello.txt,greedy,58,58,100,,16,0,16,0.0,1997.0,1009,False
mapa1_cuello.txt,greedy,59,59,91,,16,0,16,0.0,1648.0,777,False
mapa1_cuello.txt,greedy,60,60,97,,16,0,16,0.0,2395.0,1063,False
mapa1_cuello.txt,greedy,61,61,94,,16,0,16,0.0,1456.0,839,False
mapa1_cuello.txt,greedy,62,62,115,,16,0,16,0.0,2092.0,1278,False
mapa1_cuello.txt,greedy,63,63,106,,16,0,16,0.0,2588.0,1048,False
mapa1_cuello.txt,greedy,64,64,103,,16,0,16,0.0,1873.0,1233,False
mapa1_cuello.txt,greedy,65,65,97,44,16,7,9,0.4375,1374.0,647,False
mapa1_cuello.txt,greedy,66,66,115,,16,0,16,0.0,2098.0,1122,False
mapa1_cuello.txt,greedy,67,67,112,,16,0,16,0.0,2090.0,1116,False
mapa1_cuello.txt,greedy,68,68,106,,16,0,16,0.0,2374.0,1145,False
mapa1_cuello.txt,greedy,69,69,106,,16,0,16,0.0,2391.0,1248,False
mapa1_cuello.txt,greedy,70,70,51,51,16,16,0,1.0,1211.0,569,False
mapa1_cuello.txt,greedy,71,71,109,,16,0,16,0.0,1662.0,1043,False
mapa1_cuello.txt,greedy,72,72,109,,16,0,16,0.0,2078.0,1223,False
mapa1_cuello.txt,greedy,73,73,112,,16,0,16,0.0,2617.0,1314,False
mapa1_cuello.txt,greedy,74,74,73,46,16,2,14,0.125,2421.0,626,False
mapa1_cuello.txt,greedy,75,75,115,,16,0,16,0.0,2214.0,1241,False
mapa1_cuello.txt,greedy,76,76,94,,16,0,16,0.0,1589.0,1135,False
mapa1_cuello.txt,greedy,77,77,103,,16,0,16,0.0,2396.0,1117,False
mapa1_cuello.txt,greedy,78,78,70,49,16,6,10,0.375,1985.0,502,False
mapa1_cuello.txt,greedy,79,79,64,46,16,10,6,0.625,1999.0,587,False
mapa1_cuello.txt,greedy,80,80,100,,16,0,16,0.0,1631.0,1034,False
mapa1_cuello.txt,greedy,81,81,106,,16,0,16,0.0,2025.0,1218,False
mapa1_cuello.txt,greedy,82,82,115,,16,0,16,0.0,2394.0,1289,False
mapa1_cuello.txt,greedy,83,83,97,,16,0,16,0.0,1849.0,966,False
mapa1_cuello.txt,greedy,84,84,109,,16,0,16,0.0,2163.0,1154,False
mapa1_cuello.txt,greedy,85,85,97,,16,0,16,0.0,2048.0,1042,False
mapa1_cuello.txt,greedy,86,86,79,49,16,6,10,0.375,2216.0,551,False
mapa1_cuello.txt,greedy,87,87,51,51,16,15,1,0.9375,1645.0,364,False
mapa1_cuello.txt,greedy,88,88,112,,16,0,16,0.0,2710.0,1261,False
mapa1_cuello.txt,greedy,89,89,115,,16,0,16,0.0,1819.0,1283,False
mapa1_cuello.txt,greedy,90,90,109,,16,0,16,0.0,1709.0,1169,False
mapa1_cuello.txt,greedy,91,91,124,,16,0,16,0.0,2816.0,1330,False
mapa1_cuello.txt,greedy,92,92,52,52,16,13,3,0.8125,2636.0,509,False
mapa1_cuello.txt,greedy,93,93,100,41,16,2,14,0.125,1529.0,897,False
mapa1_cuello.txt,greedy,94,94,115,,16,0,16,0.0,3228.0,1287,False
mapa1_cuello.txt,greedy,95,95,76,47,16,11,5,0.6875,1469.0,582,False
mapa1_cuello.txt,greedy,96,96,100,,16,0,16,0.0,1589.0,857,False
mapa1_cuello.txt,greedy,97,97,97,,16,0,16,0.0,1845.0,892,False
mapa1_cuello.txt,greedy,98,98,100,,16,0,16,0.0,2101.0,1239,False
mapa1_cuello.txt,greedy,99,99,103,,16,0,16,0.0,1573.0,922,False
mapa1_cuello.txt,greedy,100,100,54,54,16,15,1,0.9375,2686.0,534,False
mapa1_cuello.txt,greedy,101,101,109,,16,0,16,0.0,1748.0,1052,False
mapa1_cuello.txt,greedy,102,102,106,,16,0,16,0.0,3175.0,1270,False
mapa1_cuello.txt,greedy,103,103,109,,16,0,16,0.0,3399.0,1067,False
mapa1_cuello.txt,greedy,104,104,112,,16,0,16,0.0,3527.0,1329,False
mapa1_cuello.txt,greedy,105,105,115,50,16,2,14,0.125,2155.0,933,False
mapa1_cuello.txt,greedy,106,106,124,,16,0,16,0.0,3419.0,1447,False
mapa1_cuello.txt,greedy,107,107,109,,16,0,16,0.0,2007.0,1060,False
mapa1_cuello.txt,greedy,108,108,53,53,16,13,3,0.8125,1667.0,572,False
mapa1_cuello.txt,greedy,109,109,85,,16,0,16,0.0,1430.0,880,False
mapa1_cuello.txt,greedy,110,110,85,47,16,13,3,0.8125,3109.0,494,False
mapa1_cuello.txt,greedy,111,111,51,51,16,16,0,1.0,1526.0,478,False
mapa1_cuello.txt,greedy,112,112,94,,16,0,16,0.0,2243.0,1077,False
mapa1_cuello.txt,greedy,113,113,106,,16,0,16,0.0,3047.0,1110,False
mapa1_cuello.txt,greedy,114,114,51,51,16,16,0,1.0,1737.0,514,False
mapa1_cuello.txt,greedy,115,115,82,46,16,1,15,0.0625,2496.0,666,False
mapa1_cuello.txt,greedy,116,116,91,,16,0,16,0.0,1862.0,829,False
mapa1_cuello.txt,greedy,117,117,106,,16,0,16,0.0,2826.0,1343,False
mapa1_cuello.txt,greedy,118,118,70,44,16,7,9,0.4375,1839.0,626,False
mapa1_cuello.txt,greedy,119,119,50,50,16,16,0,1.0,1247.0,580,False
mapa1_cuello.txt,greedy,120,120,100,,16,0,16,0.0,2488.0,1051,False
mapa1_cuello.txt,greedy,121,121,97,,16,0,16,0.0,1944.0,1039,False
mapa1_cuello.txt,greedy,122,122,91,,16,0,16,0.0,1583.0,1084,False
mapa1_cuello.txt,greedy,123,123,106,,16,0,16,0.0,3095.0,1342,False
mapa1_cuello.txt,greedy,124,124,106,,16,0,16,0.0,1864.0,1070,False
mapa1_cuello.txt,greedy,125,125,112,,16,0,16,0.0,1665.0,1086,False
mapa1_cuello.txt,greedy,126,126,100,,16,0,16,0.0,2420.0,1270,False
mapa1_cuello.txt,greedy,127,127,118,,16,0,16,0.0,2583.0,1333,False
mapa1_cuello.txt,greedy,128,128,94,46,16,1,15,0.0625,2876.0,858,False
mapa1_cuello.txt,greedy,129,129,103,,16,0,16,0.0,1971.0,1154,False
mapa1_cuello.txt,greedy,130,130,100,,16,0,16,0.0,2001.0,1124,False
mapa1_cuello.txt,greedy,131,131,94,,16,0,16,0.0,1321.0,852,False
mapa1_cuello.txt,greedy,132,132,118,51,16,4,12,0.25,2082.0,909,False
mapa1_cuello.txt,greedy,133,133,106,,16,0,16,0.0,1912.0,1137,False
mapa1_cuello.txt,greedy,134,134,106,53,16,6,10,0.375,2113.0,810,False
mapa1_cuello.txt,greedy,135,135,88,44,16,7,9,0.4375,1640.0,653,False
mapa1_cuello.txt,greedy,136,136,97,,16,0,16,0.0,3103.0,1165,False
mapa1_cuello.txt,greedy,137,137,103,,16,0,16,0.0,2195.0,1209,False
mapa1_cuello.txt,greedy,138,138,79,40,16,1,15,0.0625,1651.0,749,False
mapa1_cuello.txt,greedy,139,139,106,,16,0,16,0.0,1832.0,1184,False
mapa1_cuello.txt,greedy,140,140,91,52,16,3,13,0.1875,2674.0,486,False
mapa1_cuello.txt,greedy,141,141,100,,16,0,16,0.0,1995.0,1203,False
mapa1_cuello.txt,greedy,142,142,100,,16,0,16,0.0,1414.0,932,False
mapa1_cuello.txt,greedy,143,143,103,,16,0,16,0.0,2833.0,1166,False
mapa1_cuello.txt,greedy,144,144,103,,16,0,16,0.0,2215.0,1156,False
mapa1_cuello.txt,greedy,145,145,112,,16,0,16,0.0,2157.0,1076,False
mapa1_cuello.txt,greedy,146,146,67,53,16,7,9,0.4375,1470.0,523,False
mapa1_cuello.txt,greedy,147,147,53,53,16,13,3,0.8125,1141.0,478,False
mapa1_cuello.txt,greedy,148,148,57,57,16,13,3,0.8125,2202.0,328,False
mapa1_cuello.txt,greedy,149,149,112,,16,0,16,0.0,1971.0,1331,False
mapa1_cuello.txt,greedy,150,150,88,,16,0,16,0.0,2659.0,1072,False
mapa1_cuello.txt,greedy,151,151,58,58,16,14,2,0.875,1589.0,339,False
mapa1_cuello.txt,greedy,152,152,54,54,16,16,0,1.0,2059.0,487,False
mapa1_cuello.txt,greedy,153,153,58,58,16,14,2,0.875,1715.0,563,False
mapa1_cuello.txt,greedy,154,154,100,,16,0,16,0.0,1816.0,1062,False
mapa1_cuello.txt,greedy,155,155,94,,16,0,16,0.0,1570.0,1022,False
mapa1_cuello.txt,greedy,156,156,94,,16,0,16,0.0,1861.0,1148,False
mapa1_cuello.txt,greedy,157,157,91,,16,0,16,0.0,1398.0,900,False
mapa1_cuello.txt,greedy,158,158,124,,16,0,16,0.0,2181.0,1159,False
mapa1_cuello.txt,greedy,159,159,103,,16,0,16,0.0,1890.0,1013,False
mapa1_cuello.txt,greedy,160,160,109,,16,0,16,0.0,2163.0,1345,False
mapa1_cuello.txt,greedy,161,161,121,,16,0,16,0.0,3248.0,1141,False
mapa1_cuello.txt,greedy,162,162,100,,16,0,16,0.0,1629.0,854,False
mapa1_cuello.txt,greedy,163,163,100,,16,0,16,0.0,2301.0,1186,False
mapa1_cuello.txt,greedy,164,164,88,41,16,1,15,0.0625,1744.0,806,False
mapa1_cuello.txt,greedy,165,165,121,,16,0,16,0.0,2064.0,1402,False
mapa1_cuello.txt,greedy,166,166,103,,16,0,16,0.0,1795.0,858,False
mapa1_cuello.txt,greedy,167,167,97,,16,0,16,0.0,2503.0,647,False
mapa1_cuello.txt,greedy,168,168,94,49,16,2,14,0.125,2861.0,832,False
mapa1_cuello.txt,greedy,169,169,112,,16,0,16,0.0,2413.0,1216,False
mapa1_cuello.txt,greedy,170,170,91,,16,0,16,0.0,2132.0,1055,False
mapa1_cuello.txt,greedy,171,171,97,,16,0,16,0.0,2094.0,1077,False
mapa1_cuello.txt,greedy,172,172,109,,16,0,16,0.0,2829.0,1257,False
mapa1_cuello.txt,greedy,173,173,106,,16,0,16,0.0,2005.0,935,False
mapa1_cuello.txt,greedy,174,174,97,47,16,2,14,0.125,2099.0,826,False
mapa1_cuello.txt,greedy,175,175,91,,16,0,16,0.0,1508.0,861,False
mapa1_cuello.txt,greedy,176,176,109,,16,0,16,0.0,1995.0,1276,False
mapa1_cuello.txt,greedy,177,177,106,52,16,4,12,0.25,1932.0,660,False
mapa1_cuello.txt,greedy,178,178,100,53,16,4,12,0.25,2350.0,685,False
mapa1_cuello.txt,greedy,179,179,61,48,16,3,13,0.1875,1486.0,499,False
mapa1_cuello.txt,greedy,180,180,115,,16,0,16,0.0,2386.0,1263,False
mapa1_cuello.txt,greedy,181,181,97,,16,0,16,0.0,2035.0,813,False
mapa1_cuello.txt,greedy,182,182,115,,16,0,16,0.0,2414.0,1316,False
mapa1_cuello.txt,greedy,183,183,106,,16,0,16,0.0,1942.0,1208,False
mapa1_cuello.txt,greedy,184,184,109,,16,0,16,0.0,2026.0,1135,False
mapa1_cuello.txt,greedy,185,185,115,,16,0,16,0.0,2328.0,1233,False
mapa1_cuello.txt,greedy,186,186,97,,16,0,16,0.0,1600.0,1062,False
mapa1_cuello.txt,greedy,187,187,115,,16,0,16,0.0,2614.0,1442,False
mapa1_cuello.txt,greedy,188,188,127,50,16,2,14,0.125,2127.0,1062,False
mapa1_cuello.txt,greedy,189,189,100,,16,0,16,0.0,1662.0,952,False
mapa1_cuello.txt,greedy,190,190,73,50,16,2,14,0.125,1461.0,703,False
mapa1_cuello.txt,greedy,191,191,115,,16,0,16,0.0,2809.0,1332,False
mapa1_cuello.txt,greedy,192,192,106,,16,0,16,0.0,2981.0,1096,False
mapa1_cuello.txt,greedy,193,193,103,,16,0,16,0.0,2344.0,1242,False
mapa1_cuello.txt,greedy,194,194,100,46,16,1,15,0.0625,1942.0,859,False
mapa1_cuello.txt,greedy,195,195,106,,16,0,16,0.0,2565.0,1283,False
mapa1_cuello.txt,greedy,196,196,106,,16,0,16,0.0,2596.0,1048,False
mapa1_cuello.txt,greedy,197,197,91,,16,0,16,0.0,1878.0,839,False
mapa1_cuello.txt,greedy,198,198,91,,16,0,16,0.0,2850.0,1044,False
mapa1_cuello.txt,greedy,199,199,94,,16,0,16,0.0,2538.0,1035,False
mapa1_cuello.txt,astar,0,0,46,46,16,16,0,1.0,1353.0,61,False
mapa1_cuello.txt,astar,1,1,43,43,16,12,4,0.75,1975.0,79,False
mapa1_cuello.txt,astar,2,2,48,48,16,16,0,1.0,1456.0,42,False
mapa1_cuello.txt,astar,3,3,45,45,16,13,3,0.8125,1083.0,58,False
mapa1_cuello.txt,astar,4,4,73,36,16,6,10,0.375,1718.0,468,False
mapa1_cuello.txt,astar,5,5,67,41,16,11,5,0.6875,1825.0,108,False
mapa1_cuello.txt,astar,6,6,73,39,16,11,5,0.6875,1411.0,146,False
mapa1_cuello.txt,astar,7,7,91,33,16,5,11,0.3125,1350.0,366,False
mapa1_cuello.txt,astar,8,8,94,,16,0,16,0.0,1794.0,699,False
mapa1_cuello.txt,astar,9,9,79,30,16,1,15,0.0625,1321.0,353,False
mapa1_cuello.txt,astar,10,10,70,38,16,5,11,0.3125,1594.0,298,False
mapa1_cuello.txt,astar,11,11,85,38,16,5,11,0.3125,1725.0,346,False
mapa1_cuello.txt,astar,12,12,44,44,16,16,0,1.0,2599.0,53,False
mapa1_cuello.txt,astar,13,13,82,38,16,5,11,0.3125,1487.0,387,False
mapa1_cuello.txt,astar,14,14,46,46,16,16,0,1.0,904.0,150,False
mapa1_cuello.txt,astar,15,15,46,46,16,16,0,1.0,2708.0,76,False
mapa1_cuello.txt,astar,16,16,94,34,16,6,10,0.375,1543.0,317,False
mapa1_cuello.txt,astar,17,17,43,43,16,16,0,1.0,2626.0,84,False
mapa1_cuello.txt,astar,18,18,61,42,16,11,5,0.6875,1036.0,168,False
mapa1_cuello.txt,astar,19,19,73,35,16,7,9,0.4375,1172.0,287,False
mapa1_cuello.txt,astar,20,20,70,43,16,12,4,0.75,1135.0,242,False
mapa1_cuello.txt,astar,21,21,73,33,16,4,12,0.25,1543.0,317,False
mapa1_cuello.txt,astar,22,22,52,45,16,14,2,0.875,1640.0,91,False
mapa1_cuello.txt,astar,23,23,91,40,16,10,6,0.625,960.0,209,False
mapa1_cuello.txt,astar,24,24,48,48,16,15,1,0.9375,1259.0,118,False
mapa1_cuello.txt,astar,25,25,91,41,16,13,3,0.8125,1538.0,235,False
mapa1_cuello.txt,astar,26,26,46,43,16,13,3,0.8125,950.0,136,False
mapa1_cuello.txt,astar,27,27,67,40,16,9,7,0.5625,1895.0,203,False
mapa1_cuello.txt,astar,28,28,79,41,16,8,8,0.5,1303.0,304,False
mapa1_cuello.txt,astar,29,29,103,36,16,7,9,0.4375,2369.0,438,False
mapa1_cuello.txt,astar,30,30,79,45,16,14,2,0.875,1544.0,107,False
mapa1_cuello.txt,astar,31,31,100,,16,0,16,0.0,2553.0,790,False
mapa1_cuello.txt,astar,32,32,70,41,16,8,8,0.5,1589.0,346,False
mapa1_cuello.txt,astar,33,33,45,45,16,12,4,0.75,2610.0,177,False
mapa1_cuello.txt,astar,34,34,58,40,16,9,7,0.5625,1364.0,127,False
mapa1_cuello.txt,astar,35,35,79,39,16,11,5,0.6875,2373.0,193,False
mapa1_cuello.txt,astar,36,36,70,38,16,5,11,0.3125,1367.0,220,False
mapa1_cuello.txt,astar,37,37,100,42,16,9,7,0.5625,1098.0,310,False
mapa1_cuello.txt,astar,38,38,115,49,16,13,3,0.8125,2293.0,243,False
mapa1_cuello.txt,astar,39,39,94,32,16,3,13,0.1875,1512.0,431,False
mapa1_cuello.txt,astar,40,40,85,38,16,6,10,0.375,1057.0,406,False
mapa1_cuello.txt,astar,41,41,109,32,16,2,14,0.125,2392.0,663,False
mapa1_cuello.txt,astar,42,42,67,34,16,6,10,0.375,1786.0,275,False
mapa1_cuello.txt,astar,43,43,97,30,16,1,15,0.0625,2523.0,567,False
mapa1_cuello.txt,astar,44,44,103,41,16,11,5,0.6875,902.0,220,False
mapa1_cuello.txt,astar,45,45,103,38,16,5,11,0.3125,1920.0,642,False
mapa1_cuello.txt,astar,46,46,76,43,16,12,4,0.75,1348.0,173,False
mapa1_cuello.txt,astar,47,47,85,44,16,11,5,0.6875,2022.0,147,False
mapa1_cuello.txt,astar,48,48,79,44,16,10,6,0.625,2458.0,208,False
mapa1_cuello.txt,astar,49,49,94,32,16,3,13,0.1875,1801.0,306,False
mapa1_cuello.txt,astar,50,50,112,39,16,8,8,0.5,1341.0,307,False
mapa1_cuello.txt,astar,51,51,52,49,16,14,2,0.875,1534.0,78,False
mapa1_cuello.txt,astar,52,52,109,38,16,10,6,0.625,1323.0,304,False
mapa1_cuello.txt,astar,53,53,76,38,16,8,8,0.5,1898.0,288,False
mapa1_cuello.txt,astar,54,54,94,37,16,8,8,0.5,2531.0,285,False
mapa1_cuello.txt,astar,55,55,67,39,16,8,8,0.5,1403.0,300,False
mapa1_cuello.txt,astar,56,56,67,43,16,11,5,0.6875,2561.0,319,False
mapa1_cuello.txt,astar,57,57,94,37,16,7,9,0.4375,1980.0,287,False
mapa1_cuello.txt,astar,58,58,47,47,16,14,2,0.875,1879.0,69,False
mapa1_cuello.txt,astar,59,59,55,53,16,14,2,0.875,1789.0,162,False
mapa1_cuello.txt,astar,60,60,64,37,16,6,10,0.375,2322.0,223,False
mapa1_cuello.txt,astar,61,61,70,32,16,4,12,0.25,1392.0,309,False
mapa1_cuello.txt,astar,62,62,58,41,16,14,2,0.875,934.0,109,False
mapa1_cuello.txt,astar,63,63,103,40,16,9,7,0.5625,1369.0,245,False
mapa1_cuello.txt,astar,64,64,76,39,16,10,6,0.625,1835.0,180,False
mapa1_cuello.txt,astar,65,65,91,44,16,11,5,0.6875,2262.0,160,False
mapa1_cuello.txt,astar,66,66,58,39,16,8,8,0.5,2012.0,228,False
mapa1_cuello.txt,astar,67,67,109,41,16,10,6,0.625,1733.0,171,False
mapa1_cuello.txt,astar,68,68,79,42,16,8,8,0.5,1223.0,290,False
mapa1_cuello.txt,astar,69,69,70,37,16,7,9,0.4375,1567.0,288,False
mapa1_cuello.txt,astar,70,70,57,57,16,14,2,0.875,1557.0,78,False
mapa1_cuello.txt,astar,71,71,91,39,16,7,9,0.4375,1494.0,436,False
mapa1_cuello.txt,astar,72,72,100,39,16,8,8,0.5,1948.0,282,False
mapa1_cuello.txt,astar,73,73,76,35,16,6,10,0.375,2174.0,406,False
mapa1_cuello.txt,astar,74,74,97,42,16,12,4,0.75,1335.0,185,False
mapa1_cuello.txt,astar,75,75,85,43,16,11,5,0.6875,1997.0,118,False
mapa1_cuello.txt,astar,76,76,82,,16,0,16,0.0,1647.0,452,False
mapa1_cuello.txt,astar,77,77,94,41,16,11,5,0.6875,833.0,201,False
mapa1_cuello.txt,astar,78,78,48,48,16,16,0,1.0,1314.0,116,False
mapa1_cuello.txt,astar,79,79,103,43,16,13,3,0.8125,2656.0,219,False
mapa1_cuello.txt,astar,80,80,100,38,16,5,11,0.3125,1426.0,479,False
mapa1_cuello.txt,astar,81,81,73,40,16,10,6,0.625,1642.0,229,False
mapa1_cuello.txt,astar,82,82,94,43,16,12,4,0.75,1807.0,224,False
mapa1_cuello.txt,astar,83,83,73,37,16,5,11,0.3125,2180.0,261,False
mapa1_cuello.txt,astar,84,84,76,42,16,10,6,0.625,2465.0,237,False
mapa1_cuello.txt,astar,85,85,91,32,16,2,14,0.125,1111.0,487,False
mapa1_cuello.txt,astar,86,86,70,43,16,11,5,0.6875,2494.0,109,False
mapa1_cuello.txt,astar,87,87,82,45,16,14,2,0.875,1273.0,153,False
mapa1_cuello.txt,astar,88,88,88,38,16,8,8,0.5,2191.0,331,False
mapa1_cuello.txt,astar,89,89,79,37,16,7,9,0.4375,1311.0,338,False
mapa1_cuello.txt,astar,90,90,97,38,16,8,8,0.5,1513.0,178,False
mapa1_cuello.txt,astar,91,91,52,46,16,13,3,0.8125,944.0,149,False
mapa1_cuello.txt,astar,92,92,45,45,16,16,0,1.0,2451.0,138,False
mapa1_cuello.txt,astar,93,93,100,39,16,10,6,0.625,1098.0,247,False
mapa1_cuello.txt,astar,94,94,97,37,16,7,9,0.4375,2088.0,399,False
mapa1_cuello.txt,astar,95,95,97,39,16,12,4,0.75,2197.0,129,False
mapa1_cuello.txt,astar,96,96,64,43,16,15,1,0.9375,1108.0,207,False
mapa1_cuello.txt,astar,97,97,82,37,16,6,10,0.375,2087.0,328,False
mapa1_cuello.txt,astar,98,98,79,,16,0,16,0.0,1780.0,440,False
mapa1_cuello.txt,astar,99,99,73,41,16,10,6,0.625,1762.0,188,False
mapa1_cuello.txt,astar,100,100,91,60,16,15,1,0.9375,2033.0,103,False
mapa1_cuello.txt,astar,101,101,91,32,16,2,14,0.125,1311.0,413,False
mapa1_cuello.txt,astar,102,102,88,38,16,7,9,0.4375,1260.0,296,False
mapa1_cuello.txt,astar,103,103,41,41,16,16,0,1.0,1286.0,102,False
mapa1_cuello.txt,astar,104,104,91,39,16,10,6,0.625,1705.0,282,False
mapa1_cuello.txt,astar,105,105,46,46,16,16,0,1.0,1540.0,84,False
mapa1_cuello.txt,astar,106,106,76,43,16,11,5,0.6875,1492.0,151,False
mapa1_cuello.txt,astar,107,107,70,38,16,6,10,0.375,1309.0,306,False
mapa1_cuello.txt,astar,108,108,46,46,16,16,0,1.0,1801.0,47,False
mapa1_cuello.txt,astar,109,109,100,,16,0,16,0.0,1190.0,631,False
mapa1_cuello.txt,astar,110,110,118,44,16,15,1,0.9375,1428.0,257,False
mapa1_cuello.txt,astar,111,111,55,55,16,16,0,1.0,2043.0,108,False
mapa1_cuello.txt,astar,112,112,70,38,16,6,10,0.375,1854.0,315,False
mapa1_cuello.txt,astar,113,113,70,41,16,11,5,0.6875,2152.0,195,False
mapa1_cuello.txt,astar,114,114,55,51,16,15,1,0.9375,1240.0,170,False
mapa1_cuello.txt,astar,115,115,47,47,16,15,1,0.9375,2691.0,86,False
mapa1_cuello.txt,astar,116,116,82,37,16,9,7,0.5625,1237.0,190,False
mapa1_cuello.txt,astar,117,117,106,31,16,1,15,0.0625,2001.0,555,False
mapa1_cuello.txt,astar,118,118,103,39,16,8,8,0.5,1301.0,336,False
mapa1_cuello.txt,astar,119,119,45,45,16,14,2,0.875,1461.0,106,False
mapa1_cuello.txt,astar,120,120,70,42,16,9,7,0.5625,1267.0,165,False
mapa1_cuello.txt,astar,121,121,76,37,16,8,8,0.5,1548.0,290,False
mapa1_cuello.txt,astar,122,122,82,37,16,6,10,0.375,2189.0,356,False
mapa1_cuello.txt,astar,123,123,106,37,16,5,11,0.3125,1286.0,314,False
mapa1_cuello.txt,astar,124,124,70,37,16,6,10,0.375,969.0,283,False
mapa1_cuello.txt,astar,125,125,100,37,16,8,8,0.5,2181.0,304,False
mapa1_cuello.txt,astar,126,126,91,32,16,2,14,0.125,1811.0,458,False
mapa1_cuello.txt,astar,127,127,55,42,16,11,5,0.6875,916.0,154,False
mapa1_cuello.txt,astar,128,128,103,45,16,15,1,0.9375,2087.0,185,False
mapa1_cuello.txt,astar,129,129,88,39,16,6,10,0.375,1412.0,416,False
mapa1_cuello.txt,astar,130,130,70,37,16,6,10,0.375,1803.0,222,False
mapa1_cuello.txt,astar,131,131,94,31,16,1,15,0.0625,922.0,383,False
mapa1_cuello.txt,astar,132,132,70,45,16,13,3,0.8125,1914.0,95,False
mapa1_cuello.txt,astar,133,133,70,39,16,8,8,0.5,3013.0,210,False
mapa1_cuello.txt,astar,134,134,106,47,16,14,2,0.875,2181.0,137,False
mapa1_cuello.txt,astar,135,135,118,48,16,10,6,0.625,2641.0,405,False
mapa1_cuello.txt,astar,136,136,76,40,16,8,8,0.5,1392.0,332,False
mapa1_cuello.txt,astar,137,137,64,41,16,12,4,0.75,2179.0,144,False
mapa1_cuello.txt,astar,138,138,64,41,16,8,8,0.5,1511.0,232,False
mapa1_cuello.txt,astar,139,139,82,38,16,10,6,0.625,1067.0,251,False
mapa1_cuello.txt,astar,140,140,46,46,16,16,0,1.0,1878.0,147,False
mapa1_cuello.txt,astar,141,141,70,35,16,7,9,0.4375,2187.0,344,False
mapa1_cuello.txt,astar,142,142,64,32,16,3,13,0.1875,1042.0,391,False
mapa1_cuello.txt,astar,143,143,76,40,16,8,8,0.5,1185.0,359,False
mapa1_cuello.txt,astar,144,144,76,34,16,5,11,0.3125,2118.0,296,False
mapa1_cuello.txt,astar,145,145,46,45,16,13,3,0.8125,1581.0,88,False
mapa1_cuello.txt,astar,146,146,46,46,16,14,2,0.875,1004.0,143,False
mapa1_cuello.txt,astar,147,147,97,47,16,15,1,0.9375,1143.0,213,False
mapa1_cuello.txt,astar,148,148,46,46,16,16,0,1.0,1000.0,160,False
mapa1_cuello.txt,astar,149,149,103,38,16,6,10,0.375,2539.0,540,False
mapa1_cuello.txt,astar,150,150,73,39,16,7,9,0.4375,1197.0,311,False
mapa1_cuello.txt,astar,151,151,45,45,16,16,0,1.0,943.0,143,False
mapa1_cuello.txt,astar,152,152,62,62,16,16,0,1.0,1375.0,31,False
mapa1_cuello.txt,astar,153,153,50,50,16,16,0,1.0,1284.0,233,False
mapa1_cuello.txt,astar,154,154,82,33,16,4,12,0.25,1471.0,345,False
mapa1_cuello.txt,astar,155,155,73,39,16,4,12,0.25,1034.0,343,False
mapa1_cuello.txt,astar,156,156,61,34,16,6,10,0.375,1691.0,324,False
mapa1_cuello.txt,astar,157,157,58,33,16,4,12,0.25,787.0,212,False
mapa1_cuello.txt,astar,158,158,73,41,16,9,7,0.5625,1329.0,137,False
mapa1_cuello.txt,astar,159,159,79,37,16,4,12,0.25,2211.0,405,False
mapa1_cuello.txt,astar,160,160,49,39,16,8,8,0.5,2608.0,99,False
mapa1_cuello.txt,astar,161,161,50,50,16,14,2,0.875,1798.0,88,False
mapa1_cuello.txt,astar,162,162,79,32,16,3,13,0.1875,1320.0,469,False
mapa1_cuello.txt,astar,163,163,91,32,16,3,13,0.1875,1364.0,445,False
mapa1_cuello.txt,astar,164,164,109,39,16,9,7,0.5625,2035.0,316,False
mapa1_cuello.txt,astar,165,165,44,44,16,16,0,1.0,1221.0,95,False
mapa1_cuello.txt,astar,166,166,94,39,16,6,10,0.375,1309.0,346,False
mapa1_cuello.txt,astar,167,167,70,44,16,9,7,0.5625,1473.0,213,False
mapa1_cuello.txt,astar,168,168,46,45,16,13,3,0.8125,1365.0,76,False
mapa1_cuello.txt,astar,169,169,109,32,16,3,13,0.1875,1490.0,365,False
mapa1_cuello.txt,astar,170,170,73,37,16,8,8,0.5,1883.0,333,False
mapa1_cuello.txt,astar,171,171,82,38,16,10,6,0.625,2551.0,222,False
mapa1_cuello.txt,astar,172,172,70,39,16,7,9,0.4375,1330.0,341,False
mapa1_cuello.txt,astar,173,173,67,45,16,10,6,0.625,1410.0,182,False
mapa1_cuello.txt,astar,174,174,97,44,16,11,5,0.6875,2447.0,217,False
mapa1_cuello.txt,astar,175,175,73,,16,0,16,0.0,1246.0,458,False
mapa1_cuello.txt,astar,176,176,94,38,16,5,11,0.3125,2116.0,469,False
mapa1_cuello.txt,astar,177,177,47,47,16,16,0,1.0,1980.0,119,False
mapa1_cuello.txt,astar,178,178,44,44,16,16,0,1.0,1356.0,144,False
mapa1_cuello.txt,astar,179,179,45,45,16,16,0,1.0,2094.0,75,False
mapa1_cuello.txt,astar,180,180,100,40,16,11,5,0.6875,1346.0,188,False
mapa1_cuello.txt,astar,181,181,70,40,16,8,8,0.5,2085.0,198,False
mapa1_cuello.txt,astar,182,182,103,40,16,9,7,0.5625,1743.0,331,False
mapa1_cuello.txt,astar,183,183,76,38,16,7,9,0.4375,1620.0,397,False
mapa1_cuello.txt,astar,184,184,106,39,16,7,9,0.4375,1489.0,531,False
mapa1_cuello.txt,astar,185,185,85,35,16,8,8,0.5,2133.0,325,False
mapa1_cuello.txt,astar,186,186,103,41,16,11,5,0.6875,967.0,193,False
mapa1_cuello.txt,astar,187,187,64,39,16,8,8,0.5,1518.0,241,False
mapa1_cuello.txt,astar,188,188,49,43,16,14,2,0.875,818.0,94,False
mapa1_cuello.txt,astar,189,189,100,32,16,2,14,0.125,1287.0,610,False
mapa1_cuello.txt,astar,190,190,67,45,16,13,3,0.8125,1316.0,76,False
mapa1_cuello.txt,astar,191,191,76,34,16,6,10,0.375,2152.0,353,False
mapa1_cuello.txt,astar,192,192,67,41,16,10,6,0.625,2943.0,170,False
mapa1_cuello.txt,astar,193,193,97,38,16,5,11,0.3125,2994.0,490,False
mapa1_cuello.txt,astar,194,194,61,44,16,10,6,0.625,975.0,212,False
mapa1_cuello.txt,astar,195,195,58,39,16,9,7,0.5625,869.0,187,False
mapa1_cuello.txt,astar,196,196,67,37,16,4,12,0.25,2261.0,360,False
mapa1_cuello.txt,astar,197,197,61,41,16,11,5,0.6875,1089.0,104,False
mapa1_cuello.txt,astar,198,198,70,41,16,11,5,0.6875,2410.0,225,False
mapa1_cuello.txt,astar,199,199,76,,16,0,16,0.0,1234.0,459,False
mapa1_cuello.txt,genetico,0,0,65,65,16,16,0,1.0,1319.0,101,False
mapa1_cuello.txt,genetico,1,1,97,42,16,10,6,0.625,1371.0,270,False
mapa1_cuello.txt,genetico,2,2,94,46,16,14,2,0.875,795.0,113,False
mapa1_cuello.txt,genetico,3,3,44,44,16,12,4,0.75,1176.0,88,False
mapa1_cuello.txt,genetico,4,4,115,35,16,3,13,0.1875,999.0,353,False
mapa1_cuello.txt,genetico,5,5,73,41,16,12,4,0.75,1588.0,208,False
mapa1_cuello.txt,genetico,6,6,79,42,16,14,2,0.875,1014.0,181,False
mapa1_cuello.txt,genetico,7,7,88,39,16,7,9,0.4375,1384.0,405,False
mapa1_cuello.txt,genetico,8,8,103,,16,0,16,0.0,1322.0,754,False
mapa1_cuello.txt,genetico,9,9,88,,16,0,16,0.0,1190.0,400,False
mapa1_cuello.txt,genetico,10,10,85,39,16,5,11,0.3125,1524.0,370,False
mapa1_cuello.txt,genetico,11,11,85,39,16,5,11,0.3125,1682.0,467,False
mapa1_cuello.txt,genetico,12,12,106,46,16,11,5,0.6875,1057.0,243,False
mapa1_cuello.txt,genetico,13,13,76,38,16,4,12,0.25,1322.0,230,False
mapa1_cuello.txt,genetico,14,14,52,48,16,14,2,0.875,1202.0,126,False
mapa1_cuello.txt,genetico,15,15,97,49,16,14,2,0.875,1820.0,179,False
mapa1_cuello.txt,genetico,16,16,82,34,16,5,11,0.3125,1328.0,374,False
mapa1_cuello.txt,genetico,17,17,100,49,16,14,2,0.875,1284.0,170,False
mapa1_cuello.txt,genetico,18,18,70,40,16,10,6,0.625,1184.0,189,False
mapa1_cuello.txt,genetico,19,19,94,35,16,5,11,0.3125,1058.0,421,False
mapa1_cuello.txt,genetico,20,20,70,41,16,11,5,0.6875,1788.0,167,False
mapa1_cuello.txt,genetico,21,21,67,30,16,1,15,0.0625,1698.0,363,False
mapa1_cuello.txt,genetico,22,22,49,48,16,15,1,0.9375,1364.0,60,False
mapa1_cuello.txt,genetico,23,23,91,39,16,8,8,0.5,1291.0,261,False
mapa1_cuello.txt,genetico,24,24,61,47,16,14,2,0.875,1221.0,114,False
mapa1_cuello.txt,genetico,25,25,94,39,16,10,6,0.625,1849.0,199,False
mapa1_cuello.txt,genetico,26,26,76,45,16,13,3,0.8125,1246.0,168,False
mapa1_cuello.txt,genetico,27,27,85,46,16,12,4,0.75,897.0,150,False
mapa1_cuello.txt,genetico,28,28,82,41,16,6,10,0.375,1135.0,299,False
mapa1_cuello.txt,genetico,29,29,103,37,16,4,12,0.25,1497.0,511,False
mapa1_cuello.txt,genetico,30,30,106,45,16,12,4,0.75,1956.0,188,False
mapa1_cuello.txt,genetico,31,31,103,,16,0,16,0.0,1601.0,974,False
mapa1_cuello.txt,genetico,32,32,70,39,16,7,9,0.4375,1535.0,256,False
mapa1_cuello.txt,genetico,33,33,109,44,16,12,4,0.75,1331.0,255,False
mapa1_cuello.txt,genetico,34,34,79,41,16,8,8,0.5,1737.0,207,False
mapa1_cuello.txt,genetico,35,35,88,42,16,11,5,0.6875,2133.0,263,False
mapa1_cuello.txt,genetico,36,36,103,38,16,6,10,0.375,1895.0,251,False
mapa1_cuello.txt,genetico,37,37,100,41,16,9,7,0.5625,1871.0,315,False
mapa1_cuello.txt,genetico,38,38,85,48,16,15,1,0.9375,1330.0,166,False
mapa1_cuello.txt,genetico,39,39,97,32,16,2,14,0.125,1126.0,538,False
mapa1_cuello.txt,genetico,40,40,85,41,16,7,9,0.4375,1471.0,235,False
mapa1_cuello.txt,genetico,41,41,109,30,16,1,15,0.0625,1320.0,677,False
mapa1_cuello.txt,genetico,42,42,103,39,16,5,11,0.3125,1347.0,406,False
mapa1_cuello.txt,genetico,43,43,100,30,16,1,15,0.0625,1674.0,430,False
mapa1_cuello.txt,genetico,44,44,106,39,16,9,7,0.5625,1867.0,243,False
mapa1_cuello.txt,genetico,45,45,103,39,16,7,9,0.4375,1539.0,445,False
mapa1_cuello.txt,genetico,46,46,70,44,16,11,5,0.6875,986.0,167,False
mapa1_cuello.txt,genetico,47,47,97,44,16,12,4,0.75,2270.0,150,False
mapa1_cuello.txt,genetico,48,48,43,43,16,14,2,0.875,801.0,64,False
mapa1_cuello.txt,genetico,49,49,67,32,16,2,14,0.125,1099.0,329,False
mapa1_cuello.txt,genetico,50,50,109,37,16,8,8,0.5,1723.0,389,False
mapa1_cuello.txt,genetico,51,51,64,52,16,12,4,0.75,2415.0,87,False
mapa1_cuello.txt,genetico,52,52,109,40,16,7,9,0.4375,1483.0,445,False
mapa1_cuello.txt,genetico,53,53,76,40,16,8,8,0.5,1146.0,234,False
mapa1_cuello.txt,genetico,54,54,94,40,16,8,8,0.5,2580.0,447,False
mapa1_cuello.txt,genetico,55,55,79,43,16,12,4,0.75,1976.0,190,False
mapa1_cuello.txt,genetico,56,56,100,40,16,10,6,0.625,1772.0,225,False
mapa1_cuello.txt,genetico,57,57,124,42,16,7,9,0.4375,1427.0,437,False
mapa1_cuello.txt,genetico,58,58,94,44,16,13,3,0.8125,1431.0,115,False
mapa1_cuello.txt,genetico,59,59,112,47,16,11,5,0.6875,1188.0,187,False
mapa1_cuello.txt,genetico,60,60,73,38,16,8,8,0.5,1257.0,186,False
mapa1_cuello.txt,genetico,61,61,91,34,16,6,10,0.375,1424.0,330,False
mapa1_cuello.txt,genetico,62,62,100,44,16,10,6,0.625,1272.0,362,False
mapa1_cuello.txt,genetico,63,63,64,45,16,11,5,0.6875,955.0,154,False
mapa1_cuello.txt,genetico,64,64,76,43,16,9,7,0.5625,1087.0,178,False
mapa1_cuello.txt,genetico,65,65,91,45,16,12,4,0.75,1841.0,196,False
mapa1_cuello.txt,genetico,66,66,103,39,16,7,9,0.4375,1604.0,371,False
mapa1_cuello.txt,genetico,67,67,103,38,16,7,9,0.4375,1261.0,281,False
mapa1_cuello.txt,genetico,68,68,79,38,16,5,11,0.3125,1214.0,231,False
mapa1_cuello.txt,genetico,69,69,76,39,16,7,9,0.4375,2151.0,270,False
mapa1_cuello.txt,genetico,70,70,56,56,16,15,1,0.9375,1243.0,221,False
mapa1_cuello.txt,genetico,71,71,106,35,16,4,12,0.25,1178.0,343,False
mapa1_cuello.txt,genetico,72,72,103,41,16,7,9,0.4375,1176.0,446,False
mapa1_cuello.txt,genetico,73,73,79,35,16,6,10,0.375,1990.0,372,False
mapa1_cuello.txt,genetico,74,74,94,42,16,12,4,0.75,2084.0,163,False
mapa1_cuello.txt,genetico,75,75,79,43,16,13,3,0.8125,2196.0,98,False
mapa1_cuello.txt,genetico,76,76,91,,16,0,16,0.0,1280.0,664,False
mapa1_cuello.txt,genetico,77,77,100,41,16,10,6,0.625,1029.0,253,False
mapa1_cuello.txt,genetico,78,78,85,42,16,10,6,0.625,1162.0,168,False
mapa1_cuello.txt,genetico,79,79,97,48,16,14,2,0.875,1216.0,117,False
mapa1_cuello.txt,genetico,80,80,97,38,16,4,12,0.25,1143.0,520,False
mapa1_cuello.txt,genetico,81,81,100,38,16,8,8,0.5,1282.0,262,False
mapa1_cuello.txt,genetico,82,82,94,43,16,8,8,0.5,1561.0,314,False
mapa1_cuello.txt,genetico,83,83,91,33,16,4,12,0.25,1528.0,407,False
mapa1_cuello.txt,genetico,84,84,76,40,16,9,7,0.5625,1355.0,191,False
mapa1_cuello.txt,genetico,85,85,97,32,16,2,14,0.125,1065.0,464,False
mapa1_cuello.txt,genetico,86,86,124,50,16,13,3,0.8125,1424.0,169,False
mapa1_cuello.txt,genetico,87,87,88,46,16,12,4,0.75,1040.0,202,False
mapa1_cuello.txt,genetico,88,88,97,41,16,7,9,0.4375,1233.0,348,False
mapa1_cuello.txt,genetico,89,89,85,39,16,7,9,0.4375,1060.0,356,False
mapa1_cuello.txt,genetico,90,90,103,39,16,7,9,0.4375,1567.0,485,False
mapa1_cuello.txt,genetico,91,91,121,46,16,14,2,0.875,1997.0,105,False
mapa1_cuello.txt,genetico,92,92,88,49,16,14,2,0.875,1713.0,172,False
mapa1_cuello.txt,genetico,93,93,112,40,16,9,7,0.5625,1646.0,466,False
mapa1_cuello.txt,genetico,94,94,118,35,16,6,10,0.375,2036.0,540,False
mapa1_cuello.txt,genetico,95,95,94,45,16,10,6,0.625,1137.0,224,False
mapa1_cuello.txt,genetico,96,96,79,46,16,12,4,0.75,1313.0,205,False
mapa1_cuello.txt,genetico,97,97,94,38,16,6,10,0.375,1072.0,402,False
mapa1_cuello.txt,genetico,98,98,97,,16,0,16,0.0,1274.0,479,False
mapa1_cuello.txt,genetico,99,99,73,41,16,9,7,0.5625,1340.0,212,False
mapa1_cuello.txt,genetico,100,100,62,62,16,14,2,0.875,2039.0,72,False
mapa1_cuello.txt,genetico,101,101,112,32,16,1,15,0.0625,2209.0,611,False
mapa1_cuello.txt,genetico,102,102,88,34,16,5,11,0.3125,1287.0,399,False
mapa1_cuello.txt,genetico,103,103,43,43,16,15,1,0.9375,1406.0,149,False
mapa1_cuello.txt,genetico,104,104,85,40,16,9,7,0.5625,1891.0,300,False
mapa1_cuello.txt,genetico,105,105,50,50,16,16,0,1.0,1662.0,69,False
mapa1_cuello.txt,genetico,106,106,82,45,16,10,6,0.625,2101.0,202,False
mapa1_cuello.txt,genetico,107,107,55,41,16,8,8,0.5,1131.0,156,False
mapa1_cuello.txt,genetico,108,108,97,48,16,14,2,0.875,1127.0,151,False
mapa1_cuello.txt,genetico,109,109,100,,16,0,16,0.0,1282.0,745,False
mapa1_cuello.txt,genetico,110,110,103,47,16,13,3,0.8125,1080.0,252,False
mapa1_cuello.txt,genetico,111,111,51,51,16,14,2,0.875,1190.0,68,False
mapa1_cuello.txt,genetico,112,112,85,35,16,6,10,0.375,1126.0,266,False
mapa1_cuello.txt,genetico,113,113,91,43,16,11,5,0.6875,1455.0,201,False
mapa1_cuello.txt,genetico,114,114,61,51,16,13,3,0.8125,1043.0,151,False
mapa1_cuello.txt,genetico,115,115,55,44,16,14,2,0.875,1000.0,135,False
mapa1_cuello.txt,genetico,116,116,67,38,16,8,8,0.5,946.0,269,False
mapa1_cuello.txt,genetico,117,117,115,31,16,1,15,0.0625,1431.0,650,False
mapa1_cuello.txt,genetico,118,118,100,41,16,10,6,0.625,1100.0,201,False
mapa1_cuello.txt,genetico,119,119,94,43,16,11,5,0.6875,1555.0,282,False
mapa1_cuello.txt,genetico,120,120,97,41,16,8,8,0.5,1249.0,226,False
mapa1_cuello.txt,genetico,121,121,79,37,16,8,8,0.5,1211.0,280,False
mapa1_cuello.txt,genetico,122,122,76,35,16,5,11,0.3125,1107.0,255,False
mapa1_cuello.txt,genetico,123,123,106,37,16,5,11,0.3125,1485.0,483,False
mapa1_cuello.txt,genetico,124,124,73,39,16,10,6,0.625,2007.0,175,False
mapa1_cuello.txt,genetico,125,125,109,38,16,5,11,0.3125,1908.0,430,False
mapa1_cuello.txt,genetico,126,126,100,32,16,2,14,0.125,1870.0,476,False
mapa1_cuello.txt,genetico,127,127,55,42,16,10,6,0.625,1472.0,128,False
mapa1_cuello.txt,genetico,128,128,106,45,16,13,3,0.8125,1039.0,129,False
mapa1_cuello.txt,genetico,129,129,70,38,16,6,10,0.375,1198.0,267,False
mapa1_cuello.txt,genetico,130,130,73,34,16,4,12,0.25,1910.0,315,False
mapa1_cuello.txt,genetico,131,131,115,31,16,1,15,0.0625,1451.0,660,False
mapa1_cuello.txt,genetico,132,132,97,46,16,13,3,0.8125,1250.0,174,False
mapa1_cuello.txt,genetico,133,133,79,39,16,8,8,0.5,2223.0,279,False
mapa1_cuello.txt,genetico,134,134,56,56,16,15,1,0.9375,1183.0,67,False
mapa1_cuello.txt,genetico,135,135,121,42,16,10,6,0.625,1346.0,277,False
mapa1_cuello.txt,genetico,136,136,103,42,16,8,8,0.5,1102.0,377,False
mapa1_cuello.txt,genetico,137,137,70,42,16,7,9,0.4375,1218.0,236,False
mapa1_cuello.txt,genetico,138,138,94,42,16,8,8,0.5,1664.0,171,False
mapa1_cuello.txt,genetico,139,139,88,40,16,8,8,0.5,1439.0,255,False
mapa1_cuello.txt,genetico,140,140,55,49,16,12,4,0.75,1230.0,150,False
mapa1_cuello.txt,genetico,141,141,82,35,16,5,11,0.3125,1178.0,339,False
mapa1_cuello.txt,genetico,142,142,103,33,16,2,14,0.125,1592.0,389,False
mapa1_cuello.txt,genetico,143,143,82,38,16,8,8,0.5,1481.0,354,False
mapa1_cuello.txt,genetico,144,144,82,34,16,5,11,0.3125,1897.0,398,False
mapa1_cuello.txt,genetico,145,145,46,45,16,11,5,0.6875,1970.0,53,False
mapa1_cuello.txt,genetico,146,146,50,50,16,15,1,0.9375,1326.0,46,False
mapa1_cuello.txt,genetico,147,147,70,56,16,11,5,0.6875,2174.0,130,False
mapa1_cuello.txt,genetico,148,148,47,47,16,16,0,1.0,830.0,78,False
mapa1_cuello.txt,genetico,149,149,106,34,16,4,12,0.25,2170.0,578,False
mapa1_cuello.txt,genetico,150,150,67,35,16,4,12,0.25,1809.0,316,False
mapa1_cuello.txt,genetico,151,151,51,51,16,16,0,1.0,1147.0,68,False
mapa1_cuello.txt,genetico,152,152,53,53,16,16,0,1.0,1225.0,85,False
mapa1_cuello.txt,genetico,153,153,53,53,16,15,1,0.9375,890.0,128,False
mapa1_cuello.txt,genetico,154,154,97,33,16,4,12,0.25,1914.0,290,False
mapa1_cuello.txt,genetico,155,155,85,39,16,4,12,0.25,1215.0,348,False
mapa1_cuello.txt,genetico,156,156,85,34,16,4,12,0.25,1050.0,462,False
mapa1_cuello.txt,genetico,157,157,109,33,16,3,13,0.1875,957.0,405,False
mapa1_cuello.txt,genetico,158,158,121,42,16,10,6,0.625,1846.0,336,False
mapa1_cuello.txt,genetico,159,159,88,33,16,4,12,0.25,1369.0,457,False
mapa1_cuello.txt,genetico,160,160,103,40,16,6,10,0.375,1692.0,370,False
mapa1_cuello.txt,genetico,161,161,70,41,16,10,6,0.625,1841.0,162,False
mapa1_cuello.txt,genetico,162,162,85,32,16,2,14,0.125,1840.0,489,False
mapa1_cuello.txt,genetico,163,163,100,32,16,2,14,0.125,2227.0,606,False
mapa1_cuello.txt,genetico,164,164,112,42,16,10,6,0.625,1140.0,409,False
mapa1_cuello.txt,genetico,165,165,82,46,16,11,5,0.6875,1829.0,177,False
mapa1_cuello.txt,genetico,166,166,100,37,16,6,10,0.375,1144.0,469,False
mapa1_cuello.txt,genetico,167,167,103,44,16,13,3,0.8125,1489.0,194,False
mapa1_cuello.txt,genetico,168,168,79,44,16,12,4,0.75,873.0,165,False
mapa1_cuello.txt,genetico,169,169,109,34,16,4,12,0.25,1681.0,743,False
mapa1_cuello.txt,genetico,170,170,73,39,16,9,7,0.5625,1426.0,250,False
mapa1_cuello.txt,genetico,171,171,79,44,16,12,4,0.75,1679.0,183,False
mapa1_cuello.txt,genetico,172,172,97,33,16,4,12,0.25,1039.0,315,False
mapa1_cuello.txt,genetico,173,173,124,45,16,12,4,0.75,928.0,183,False
mapa1_cuello.txt,genetico,174,174,115,44,16,14,2,0.875,1104.0,178,False
mapa1_cuello.txt,genetico,175,175,88,,16,0,16,0.0,1329.0,388,False
mapa1_cuello.txt,genetico,176,176,103,35,16,4,12,0.25,1337.0,458,False
mapa1_cuello.txt,genetico,177,177,51,51,16,15,1,0.9375,1101.0,91,False
mapa1_cuello.txt,genetico,178,178,51,51,16,15,1,0.9375,861.0,93,False
mapa1_cuello.txt,genetico,179,179,45,45,16,15,1,0.9375,977.0,99,False
mapa1_cuello.txt,genetico,180,180,109,42,16,8,8,0.5,1184.0,266,False
mapa1_cuello.txt,genetico,181,181,91,41,16,7,9,0.4375,1081.0,338,False
mapa1_cuello.txt,genetico,182,182,103,44,16,8,8,0.5,881.0,196,False
mapa1_cuello.txt,genetico,183,183,103,39,16,2,14,0.125,1813.0,373,False
mapa1_cuello.txt,genetico,184,184,109,41,16,8,8,0.5,1199.0,571,False
mapa1_cuello.txt,genetico,185,185,97,35,16,4,12,0.25,1428.0,509,False
mapa1_cuello.txt,genetico,186,186,88,42,16,10,6,0.625,913.0,179,False
mapa1_cuello.txt,genetico,187,187,91,35,16,7,9,0.4375,1962.0,264,False
mapa1_cuello.txt,genetico,188,188,76,43,16,13,3,0.8125,938.0,149,False
mapa1_cuello.txt,genetico,189,189,91,,16,0,16,0.0,1438.0,487,False
mapa1_cuello.txt,genetico,190,190,88,44,16,12,4,0.75,1223.0,188,False
mapa1_cuello.txt,genetico,191,191,103,44,16,8,8,0.5,978.0,323,False
mapa1_cuello.txt,genetico,192,192,64,40,16,11,5,0.6875,1290.0,216,False
mapa1_cuello.txt,genetico,193,193,88,39,16,4,12,0.25,1377.0,415,False
mapa1_cuello.txt,genetico,194,194,106,44,16,11,5,0.6875,880.0,181,False
mapa1_cuello.txt,genetico,195,195,82,40,16,7,9,0.4375,1274.0,164,False
mapa1_cuello.txt,genetico,196,196,106,38,16,4,12,0.25,1392.0,476,False
mapa1_cuello.txt,genetico,197,197,100,42,16,11,5,0.6875,1289.0,283,False
mapa1_cuello.txt,genetico,198,198,70,40,16,9,7,0.5625,1053.0,284,False
mapa1_cuello.txt,genetico,199,199,100,,16,0,16,0.0,1345.0,513,False
mapa2_laberinto.txt,bfs,0,100000,51,51,8,8,0,1.0,291.0,8,False
mapa2_laberinto.txt,bfs,1,100001,49,49,8,8,0,1.0,286.0,8,False
mapa2_laberinto.txt,bfs,2,100002,49,49,8,8,0,1.0,365.0,8,False
mapa2_laberinto.txt,bfs,3,100003,49,49,8,8,0,1.0,363.0,8,False
mapa2_laberinto.txt,bfs,4,100004,49,49,8,8,0,1.0,329.0,8,False
mapa2_laberinto.txt,bfs,5,100005,49,49,8,8,0,1.0,286.0,8,False
mapa2_laberinto.txt,bfs,6,100006,49,49,8,8,0,1.0,366.0,8,False
mapa2_laberinto.txt,bfs,7,100007,51,51,8,8,0,1.0,287.0,8,False
mapa2_laberinto.txt,bfs,8,100008,51,51,8,8,0,1.0,285.0,8,False
mapa2_laberinto.txt,bfs,9,100009,50,50,8,8,0,1.0,369.0,8,False
mapa2_laberinto.txt,bfs,10,100010,50,50,8,8,0,1.0,329.0,8,False
mapa2_laberinto.txt,bfs,11,100011,50,50,8,8,0,1.0,285.0,8,False
mapa2_laberinto.txt,bfs,12,100012,51,51,8,8,0,1.0,370.0,8,False
mapa2_laberinto.txt,bfs,13,100013,51,51,8,8,0,1.0,368.0,8,False
mapa2_laberinto.txt,bfs,14,100014,51,51,8,8,0,1.0,367.0,8,False
mapa2_laberinto.txt,bfs,15,100015,49,49,8,8,0,1.0,330.0,8,False
mapa2_laberinto.txt,bfs,16,100016,49,49,8,8,0,1.0,286.0,8,False
mapa2_laberinto.txt,bfs,17,100017,49,49,8,8,0,1.0,282.0,8,False
mapa2_laberinto.txt,bfs,18,100018,51,51,8,8,0,1.0,285.0,8,False
mapa2_laberinto.txt,bfs,19,100019,51,51,8,8,0,1.0,290.0,8,False
mapa2_laberinto.txt,bfs,20,100020,49,49,8,8,0,1.0,371.0,8,False
mapa2_laberinto.txt,bfs,21,100021,50,50,8,8,0,1.0,284.0,8,False
mapa2_laberinto.txt,bfs,22,100022,51,51,8,8,0,1.0,366.0,8,False
mapa2_laberinto.txt,bfs,23,100023,50,50,8,8,0,1.0,283.0,8,False
mapa2_laberinto.txt,bfs,24,100024,50,50,8,8,0,1.0,364.0,8,False
mapa2_laberinto.txt,bfs,25,100025,50,50,8,8,0,1.0,332.0,8,False
mapa2_laberinto.txt,bfs,26,100026,51,51,8,8,0,1.0,368.0,8,False
mapa2_laberinto.txt,bfs,27,100027,50,50,8,8,0,1.0,285.0,8,False
mapa2_laberinto.txt,bfs,28,100028,51,51,8,8,0,1.0,412.0,8,False
mapa2_laberinto.txt,bfs,29,100029,50,50,8,8,0,1.0,371.0,8,False
mapa2_laberinto.txt,bfs,30,100030,50,50,8,8,0,1.0,364.0,8,False
mapa2_laberinto.txt,bfs,31,100031,49,49,8,8,0,1.0,362.0,8,False
mapa2_laberinto.txt,bfs,32,100032,51,51,8,8,0,1.0,291.0,8,False
mapa2_laberinto.txt,bfs,33,100033,51,51,8,8,0,1.0,285.0,8,False
mapa2_laberinto.txt,bfs,34,100034,51,51,8,8,0,1.0,288.0,8,False
mapa2_laberinto.txt,bfs,35,100035,50,50,8,8,0,1.0,286.0,8,False
mapa2_laberinto.txt,bfs,36,100036,51,51,8,8,0,1.0,284.0,8,False
mapa2_laberinto.txt,bfs,37,100037,49,49,8,8,0,1.0,288.0,8,False
mapa2_laberinto.txt,bfs,38,100038,50,50,8,8,0,1.0,291.0,8,False
mapa2_laberinto.txt,bfs,39,100039,50,50,8,8,0,1.0,330.0,8,False
mapa2_laberinto.txt,bfs,40,100040,51,51,8,8,0,1.0,285.0,8,False
mapa2_laberinto.txt,bfs,41,100041,51,51,8,8,0,1.0,370.0,8,False
mapa2_laberinto.txt,bfs,42,100042,49,49,8,8,0,1.0,327.0,8,False
mapa2_laberinto.txt,bfs,43,100043,51,51,8,8,0,1.0,287.0,8,False
mapa2_laberinto.txt,bfs,44,100044,50,50,8,8,0,1.0,288.0,8,False
mapa2_laberinto.txt,bfs,45,100045,49,49,8,8,0,1.0,367.0,8,False
mapa2_laberinto.txt,bfs,46,100046,49,49,8,8,0,1.0,285.0,8,False
mapa2_laberinto.txt,bfs,47,100047,50,50,8,8,0,1.0,288.0,8,False
mapa2_laberinto.txt,bfs,48,100048,49,49,8,8,0,1.0,287.0,8,False
mapa2_laberinto.txt,bfs,49,100049,50,50,8,8,0,1.0,286.0,8,False
mapa2_laberinto.txt,bfs,50,100050,51,51,8,8,0,1.0,289.0,8,False
mapa2_laberinto.txt,bfs,51,100051,51,51,8,8,0,1.0,408.0,8,False
mapa2_laberinto.txt,bfs,52,100052,50,50,8,8,0,1.0,328.0,8,False
mapa2_laberinto.txt,bfs,53,100053,50,50,8,8,0,1.0,367.0,8,False
mapa2_laberinto.txt,bfs,54,100054,50,50,8,8,0,1.0,286.0,8,False
mapa2_laberinto.txt,bfs,55,100055,50,50,8,8,0,1.0,286.0,8,False
mapa2_laberinto.txt,bfs,56,100056,49,49,8,8,0,1.0,287.0,8,False
mapa2_laberinto.txt,bfs,57,100057,50,50,8,8,0,1.0,285.0,8,False
mapa2_laberinto.txt,bfs,58,100058,51,51,8,8,0,1.0,287.0,8,False
mapa2_laberinto.txt,bfs,59,100059,49,49,8,8,0,1.0,287.0,8,False
mapa2_laberinto.txt,bfs,60,100060,50,50,8,8,0,1.0,284.0,8,False
mapa2_laberinto.txt,bfs,61,100061,49,49,8,8,0,1.0,287.0,8,False
mapa2_laberinto.txt,bfs,62,100062,50,50,8,8,0,1.0,328.0,8,False
mapa2_laberinto.txt,bfs,63,100063,49,49,8,8,0,1.0,285.0,8,False
mapa2_laberinto.txt,bfs,64,100064,49,49,8,8,0,1.0,332.0,8,False
mapa2_laberinto.txt,bfs,65,100065,49,49,8,8,0,1.0,414.0,8,False
mapa2_laberinto.txt,bfs,66,100066,49,49,8,8,0,1.0,330.0,8,False
mapa2_laberinto.txt,bfs,67,100067,51,51,8,8,0,1.0,373.0,8,False
mapa2_laberinto.txt,bfs,68,100068,50,50,8,8,0,1.0,288.0,8,False
mapa2_laberinto.txt,bfs,69,100069,49,49,8,8,0,1.0,286.0,8,False
mapa2_laberinto.txt,bfs,70,100070,49,49,8,8,0,1.0,284.0,8,False
mapa2_laberinto.txt,bfs,71,100071,50,50,8,8,0,1.0,370.0,8,False
mapa2_laberinto.txt,bfs,72,100072,51,51,8,8,0,1.0,328.0,8,False
mapa2_laberinto.txt,bfs,73,100073,49,49,8,8,0,1.0,284.0,8,False
mapa2_laberinto.txt,bfs,74,100074,50,50,8,8,0,1.0,365.0,8,False
mapa2_laberinto.txt,bfs,75,100075,49,49,8,8,0,1.0,331.0,8,False
mapa2_laberinto.txt,bfs,76,100076,51,51,8,8,0,1.0,368.0,8,False
mapa2_laberinto.txt,bfs,77,100077,50,50,8,8,0,1.0,331.0,8,False
mapa2_laberinto.txt,bfs,78,100078,51,51,8,8,0,1.0,368.0,8,False
mapa2_laberinto.txt,bfs,79,100079,50,50,8,8,0,1.0,288.0,8,False
mapa2_laberinto.txt,bfs,80,100080,50,50,8,8,0,1.0,286.0,8,False
mapa2_laberinto.txt,bfs,81,100081,51,51,8,8,0,1.0,288.0,8,False
mapa2_laberinto.txt,bfs,82,100082,50,50,8,8,0,1.0,333.0,8,False
mapa2_laberinto.txt,bfs,83,100083,50,50,8,8,0,1.0,286.0,8,False
mapa2_laberinto.txt,bfs,84,100084,51,51,8,8,0,1.0,289.0,8,False
mapa2_laberinto.txt,bfs,85,100085,50,50,8,8,0,1.0,285.0,8,False
mapa2_laberinto.txt,bfs,86,100086,51,51,8,8,0,1.0,368.0,8,False
mapa2_laberinto.txt,bfs,87,100087,51,51,8,8,0,1.0,332.0,8,False
mapa2_laberinto.txt,bfs,88,100088,50,50,8,8,0,1.0,290.0,8,False
mapa2_laberinto.txt,bfs,89,100089,49,49,8,8,0,1.0,414.0,8,False
mapa2_laberinto.txt,bfs,90,100090,49,49,8,8,0,1.0,364.0,8,False
mapa2_laberinto.txt,bfs,91,100091,51,51,8,8,0,1.0,286.0,8,False
mapa2_laberinto.txt,bfs,92,100092,50,50,8,8,0,1.0,330.0,8,False
mapa2_laberinto.txt,bfs,93,100093,51,51,8,8,0,1.0,329.0,8,False
mapa2_laberinto.txt,bfs,94,100094,50,50,8,8,0,1.0,367.0,8,False
mapa2_laberinto.txt,bfs,95,100095,50,50,8,8,0,1.0,288.0,8,False
mapa2_laberinto.txt,bfs,96,100096,49,49,8,8,0,1.0,287.0,8,False
mapa2_laberinto.txt,bfs,97,100097,51,51,8,8,0,1.0,367.0,8,False
mapa2_laberinto.txt,bfs,98,100098,50,50,8,8,0,1.0,364.0,8,False
mapa2_laberinto.txt,bfs,99,100099,49,49,8,8,0,1.0,368.0,8,False
mapa2_laberinto.txt,bfs,100,100100,50,50,8,8,0,1.0,289.0,8,False
mapa2_laberinto.txt,bfs,101,100101,49,49,8,8,0,1.0,285.0,8,False
mapa2_laberinto.txt,bfs,102,100102,49,49,8,8,0,1.0,285.0,8,False
mapa2_laberinto.txt,bfs,103,100103,51,51,8,8,0,1.0,287.0,8,False
mapa2_laberinto.txt,bfs,104,100104,50,50,8,8,0,1.0,328.0,8,False
mapa2_laberinto.txt,bfs,105,100105,51,51,8,8,0,1.0,288.0,8,False
mapa2_laberinto.txt,bfs,106,100106,51,51,8,8,0,1.0,330.0,8,False
mapa2_laberinto.txt,bfs,107,100107,49,49,8,8,0,1.0,288.0,8,False
mapa2_laberinto.txt,bfs,108,100108,50,50,8,8,0,1.0,287.0,8,False
mapa2_laberinto.txt,bfs,109,100109,49,49,8,8,0,1.0,368.0,8,False
mapa2_laberinto.txt,bfs,110,100110,50,50,8,8,0,1.0,367.0,8,False
mapa2_laberinto.txt,bfs,111,100111,51,51,8,8,0,1.0,329.0,8,False
mapa2_laberinto.txt,bfs,112,100112,49,49,8,8,0,1.0,409.0,8,False
mapa2_laberinto.txt,bfs,113,100113,50,50,8,8,0,1.0,286.0,8,False
mapa2_laberinto.txt,bfs,114,100114,50,50,8,8,0,1.0,370.0,8,False
mapa2_laberinto.txt,bfs,115,100115,51,51,8,8,0,1.0,286.0,8,False
mapa2_laberinto.txt,bfs,116,100116,50,50,8,8,0,1.0,285.0,8,False
mapa2_laberinto.txt,bfs,117,100117,50,50,8,8,0,1.0,368.0,8,False
mapa2_laberinto.txt,bfs,118,100118,49,49,8,8,0,1.0,369.0,8,False
mapa2_laberinto.txt,bfs,119,100119,49,49,8,8,0,1.0,409.0,8,False
mapa2_laberinto.txt,bfs,120,100120,50,50,8,8,0,1.0,330.0,8,False
mapa2_laberinto.txt,bfs,121,100121,51,51,8,8,0,1.0,286.0,8,False
mapa2_laberinto.txt,bfs,122,100122,50,50,8,8,0,1.0,284.0,8,False
mapa2_laberinto.txt,bfs,123,100123,50,50,8,8,0,1.0,365.0,8,False
mapa2_laberinto.txt,bfs,124,100124,51,51,8,8,0,1.0,287.0,8,False
mapa2_laberinto.txt,bfs,125,100125,51,51,8,8,0,1.0,368.0,8,False
mapa2_laberinto.txt,bfs,126,100126,50,50,8,8,0,1.0,290.0,8,False
mapa2_laberinto.txt,bfs,127,100127,50,50,8,8,0,1.0,287.0,8,False
mapa2_laberinto.txt,bfs,128,100128,51,51,8,8,0,1.0,288.0,8,False
mapa2_laberinto.txt,bfs,129,100129,50,50,8,8,0,1.0,284.0,8,False
mapa2_laberinto.txt,bfs,130,100130,51,51,8,8,0,1.0,286.0,8,False
mapa2_laberinto.txt,bfs,131,100131,49,49,8,8,0,1.0,285.0,8,False
mapa2_laberinto.txt,bfs,132,100132,50,50,8,8,0,1.0,332.0,8,False
mapa2_laberinto.txt,bfs,133,100133,51,51,8,8,0,1.0,285.0,8,False
mapa2_laberinto.txt,bfs,134,100134,49,49,8,8,0,1.0,330.0,8,False
mapa2_laberinto.txt,bfs,135,100135,50,50,8,8,0,1.0,286.0,8,False
mapa2_laberinto.txt,bfs,136,100136,51,51,8,8,0,1.0,332.0,8,False
mapa2_laberinto.txt,bfs,137,100137,49,49,8,8,0,1.0,330.0,8,False
mapa2_laberinto.txt,bfs,138,100138,49,49,8,8,0,1.0,289.0,8,False
mapa2_laberinto.txt,bfs,139,100139,50,50,8,8,0,1.0,368.0,8,False
mapa2_laberinto.txt,bfs,140,100140,50,50,8,8,0,1.0,330.0,8,False
mapa2_laberinto.txt,bfs,141,100141,49,49,8,8,0,1.0,286.0,8,False
mapa2_laberinto.txt,bfs,142,100142,49,49,8,8,0,1.0,287.0,8,False
mapa2_laberinto.txt,bfs,143,100143,49,49,8,8,0,1.0,366.0,8,False
mapa2_laberinto.txt,bfs,144,100144,50,50,8,8,0,1.0,289.0,8,False
mapa2_laberinto.txt,bfs,145,100145,51,51,8,8,0,1.0,286.0,8,False
mapa2_laberinto.txt,bfs,146,100146,50,50,8,8,0,1.0,369.0,8,False
mapa2_laberinto.txt,bfs,147,100147,50,50,8,8,0,1.0,288.0,8,False
mapa2_laberinto.txt,bfs,148,100148,50,50,8,8,0,1.0,330.0,8,False
mapa2_laberinto.txt,bfs,149,100149,49,49,8,8,0,1.0,287.0,8,False
mapa2_laberinto.txt,bfs,150,100150,49,49,8,8,0,1.0,282.0,8,False
mapa2_laberinto.txt,bfs,151,100151,51,51,8,8,0,1.0,366.0,8,False
mapa2_laberinto.txt,bfs,152,100152,49,49,8,8,0,1.0,411.0,8,False
mapa2_laberinto.txt,bfs,153,100153,51,51,8,8,0,1.0,285.0,8,False
mapa2_laberinto.txt,bfs,154,100154,49,49,8,8,0,1.0,283.0,8,False
mapa2_laberinto.txt,bfs,155,100155,50,50,8,8,0,1.0,284.0,8,False
mapa2_laberinto.txt,bfs,156,100156,51,51,8,8,0,1.0,331.0,8,False
mapa2_laberinto.txt,bfs,157,100157,50,50,8,8,0,1.0,283.0,8,False
mapa2_laberinto.txt,bfs,158,100158,49,49,8,8,0,1.0,367.0,8,False
mapa2_laberinto.txt,bfs,159,100159,50,50,8,8,0,1.0,363.0,8,False
mapa2_laberinto.txt,bfs,160,100160,49,49,8,8,0,1.0,285.0,8,False
mapa2_laberinto.txt,bfs,161,100161,51,51,8,8,0,1.0,291.0,8,False
mapa2_laberinto.txt,bfs,162,100162,49,49,8,8,0,1.0,363.0,8,False
mapa2_laberinto.txt,bfs,163,100163,51,51,8,8,0,1.0,364.0,8,False
mapa2_laberinto.txt,bfs,164,100164,50,50,8,8,0,1.0,286.0,8,False
mapa2_laberinto.txt,bfs,165,100165,49,49,8,8,0,1.0,288.0,8,False
mapa2_laberinto.txt,bfs,166,100166,51,51,8,8,0,1.0,289.0,8,False
mapa2_laberinto.txt,bfs,167,100167,49,49,8,8,0,1.0,285.0,8,False
mapa2_laberinto.txt,bfs,168,100168,51,51,8,8,0,1.0,286.0,8,False
mapa2_laberinto.txt,bfs,169,100169,50,50,8,8,0,1.0,331.0,8,False
mapa2_laberinto.txt,bfs,170,100170,51,51,8,8,0,1.0,331.0,8,False
mapa2_laberinto.txt,bfs,171,100171,49,49,8,8,0,1.0,366.0,8,False
mapa2_laberinto.txt,bfs,172,100172,50,50,8,8,0,1.0,328.0,8,False
mapa2_laberinto.txt,bfs,173,100173,51,51,8,8,0,1.0,282.0,8,False
mapa2_laberinto.txt,bfs,174,100174,51,51,8,8,0,1.0,286.0,8,False
mapa2_laberinto.txt,bfs,175,100175,50,50,8,8,0,1.0,285.0,8,False
mapa2_laberinto.txt,bfs,176,100176,50,50,8,8,0,1.0,286.0,8,False
mapa2_laberinto.txt,bfs,177,100177,50,50,8,8,0,1.0,365.0,8,False
mapa2_laberinto.txt,bfs,178,100178,50,50,8,8,0,1.0,284.0,8,False
mapa2_laberinto.txt,bfs,179,100179,51,51,8,8,0,1.0,371.0,8,False
mapa2_laberinto.txt,bfs,180,100180,51,51,8,8,0,1.0,286.0,8,False
mapa2_laberinto.txt,bfs,181,100181,51,51,8,8,0,1.0,285.0,8,False
mapa2_laberinto.txt,bfs,182,100182,50,50,8,8,0,1.0,330.0,8,False
mapa2_laberinto.txt,bfs,183,100183,50,50,8,8,0,1.0,369.0,8,False
mapa2_laberinto.txt,bfs,184,100184,50,50,8,8,0,1.0,368.0,8,False
mapa2_laberinto.txt,bfs,185,100185,50,50,8,8,0,1.0,368.0,8,False
mapa2_laberinto.txt,bfs,186,100186,51,51,8,8,0,1.0,283.0,8,False
mapa2_laberinto.txt,bfs,187,100187,51,51,8,8,0,1.0,366.0,8,False
mapa2_laberinto.txt,bfs,188,100188,50,50,8,8,0,1.0,367.0,8,False
mapa2_laberinto.txt,bfs,189,100189,50,50,8,8,0,1.0,367.0,8,False
mapa2_laberinto.txt,bfs,190,100190,49,49,8,8,0,1.0,285.0,8,False
mapa2_laberinto.txt,bfs,191,100191,49,49,8,8,0,1.0,289.0,8,False
mapa2_laberinto.txt,bfs,192,100192,49,49,8,8,0,1.0,281.0,8,False
mapa2_laberinto.txt,bfs,193,100193,51,51,8,8,0,1.0,284.0,8,False
mapa2_laberinto.txt,bfs,194,100194,49,49,8,8,0,1.0,287.0,8,False
mapa2_laberinto.txt,bfs,195,100195,51,51,8,8,0,1.0,331.0,8,False
mapa2_laberinto.txt,bfs,196,100196,50,50,8,8,0,1.0,371.0,8,False
mapa2_laberinto.txt,bfs,197,100197,50,50,8,8,0,1.0,285.0,8,False
mapa2_laberinto.txt,bfs,198,100198,49,49,8,8,0,1.0,328.0,8,False
mapa2_laberinto.txt,bfs,199,100199,50,50,8,8,0,1.0,292.0,8,False
mapa2_laberinto.txt,ucs,0,100000,51,51,8,8,0,1.0,291.0,8,False
mapa2_laberinto.txt,ucs,1,100001,49,49,8,8,0,1.0,286.0,8,False
mapa2_laberinto.txt,ucs,2,100002,49,49,8,8,0,1.0,329.0,8,False
mapa2_laberinto.txt,ucs,3,100003,49,49,8,8,0,1.0,327.0,8,False
mapa2_laberinto.txt,ucs,4,100004,49,49,8,8,0,1.0,329.0,8,False
mapa2_laberinto.txt,ucs,5,100005,49,49,8,8,0,1.0,286.0,8,False
mapa2_laberinto.txt,ucs,6,100006,49,49,8,8,0,1.0,330.0,8,False
mapa2_laberinto.txt,ucs,7,100007,51,51,8,8,0,1.0,287.0,8,False
mapa2_laberinto.txt,ucs,8,100008,51,51,8,8,0,1.0,285.0,8,False
mapa2_laberinto.txt,ucs,9,100009,50,50,8,8,0,1.0,333.0,8,False
mapa2_laberinto.txt,ucs,10,100010,50,50,8,8,0,1.0,329.0,8,False
mapa2_laberinto.txt,ucs,11,100011,50,50,8,8,0,1.0,285.0,8,False
mapa2_laberinto.txt,ucs,12,100012,51,51,8,8,0,1.0,334.0,8,False
mapa2_laberinto.txt,ucs,13,100013,51,51,8,8,0,1.0,332.0,8,False
mapa2_laberinto.txt,ucs,14,100014,51,51,8,8,0,1.0,331.0,8,False
mapa2_laberinto.txt,ucs,15,100015,49,49,8,8,0,1.0,330.0,8,False
mapa2_laberinto.txt,ucs,16,100016,49,49,8,8,0,1.0,286.0,8,False
mapa2_laberinto.txt,ucs,17,100017,49,49,8,8,0,1.0,282.0,8,False
mapa2_laberinto.txt,ucs,18,100018,51,51,8,8,0,1.0,285.0,8,False
mapa2_laberinto.txt,ucs,19,100019,51,51,8,8,0,1.0,290.0,8,False
mapa2_laberinto.txt,ucs,20,100020,49,49,8,8,0,1.0,335.0,8,False
mapa2_laberinto.txt,ucs,21,100021,50,50,8,8,0,1.0,284.0,8,False
mapa2_laberinto.txt,ucs,22,100022,51,51,8,8,0,1.0,330.0,8,False
mapa2_laberinto.txt,ucs,23,100023,50,50,8,8,0,1.0,283.0,8,False
mapa2_laberinto.txt,ucs,24,100024,50,50,8,8,0,1.0,328.0,8,False
mapa2_laberinto.txt,ucs,25,100025,50,50,8,8,0,1.0,332.0,8,False
mapa2_laberinto.txt,ucs,26,100026,51,51,8,8,0,1.0,332.0,8,False
mapa2_laberinto.txt,ucs,27,100027,50,50,8,8,0,1.0,285.0,8,False
mapa2_laberinto.txt,ucs,28,100028,51,51,8,8,0,1.0,376.0,8,False
mapa2_laberinto.txt,ucs,29,100029,50,50,8,8,0,1.0,335.0,8,False
mapa2_laberinto.txt,ucs,30,100030,50,50,8,8,0,1.0,328.0,8,False
mapa2_laberinto.txt,ucs,31,100031,49,49,8,8,0,1.0,326.0,8,False
mapa2_laberinto.txt,ucs,32,100032,51,51,8,8,0,1.0,291.0,8,False
mapa2_laberinto.txt,ucs,33,100033,51,51,8,8,0,1.0,285.0,8,False
mapa2_laberinto.txt,ucs,34,100034,51,51,8,8,0,1.0,288.0,8,False
mapa2_laberinto.txt,ucs,35,100035,50,50,8,8,0,1.0,286.0,8,False
mapa2_laberinto.txt,ucs,36,100036,51,51,8,8,0,1.0,284.0,8,False
mapa2_laberinto.txt,ucs,37,100037,49,49,8,8,0,1.0,288.0,8,False
mapa2_laberinto.txt,ucs,38,100038,50,50,8,8,0,1.0,291.0,8,False
mapa2_laberinto.txt,ucs,39,100039,50,50,8,8,0,1.0,330.0,8,False
mapa2_laberinto.txt,ucs,40,100040,51,51,8,8,0,1.0,285.0,8,False
mapa2_laberinto.txt,ucs,41,100041,51,51,8,8,0,1.0,334.0,8,False
mapa2_laberinto.txt,ucs,42,100042,49,49,8,8,0,1.0,327.0,8,False
mapa2_laberinto.txt,ucs,43,100043,51,51,8,8,0,1.0,287.0,8,False
mapa2_laberinto.txt,ucs,44,100044,50,50,8,8,0,1.0,288.0,8,False
mapa2_laberinto.txt,ucs,45,100045,49,49,8,8,0,1.0,331.0,8,False
mapa2_laberinto.txt,ucs,46,100046,49,49,8,8,0,1.0,285.0,8,False
mapa2_laberinto.txt,ucs,47,100047,50,50,8,8,0,1.0,288.0,8,False
mapa2_laberinto.txt,ucs,48,100048,49,49,8,8,0,1.0,287.0,8,False
mapa2_laberinto.txt,ucs,49,100049,50,50,8,8,0,1.0,286.0,8,False
mapa2_laberinto.txt,ucs,50,100050,51,51,8,8,0,1.0,289.0,8,False
mapa2_laberinto.txt,ucs,51,100051,51,51,8,8,0,1.0,372.0,8,False
mapa2_laberinto.txt,ucs,52,100052,50,50,8,8,0,1.0,328.0,8,False
mapa2_laberinto.txt,ucs,53,100053,50,50,8,8,0,1.0,331.0,8,False
mapa2_laberinto.txt,ucs,54,100054,50,50,8,8,0,1.0,286.0,8,False
mapa2_laberinto.txt,ucs,55,100055,50,50,8,8,0,1.0,286.0,8,False
mapa2_laberinto.txt,ucs,56,100056,49,49,8,8,0,1.0,287.0,8,False
mapa2_laberinto.txt,ucs,57,100057,50,50,8,8,0,1.0,285.0,8,False
mapa2_laberinto.txt,ucs,58,100058,51,51,8,8,0,1.0,287.0,8,False
mapa2_laberinto.txt,ucs,59,100059,49,49,8,8,0,1.0,287.0,8,False
mapa2_laberinto.txt,ucs,60,100060,50,50,8,8,0,1.0,284.0,8,False
mapa2_laberinto.txt,ucs,61,100061,49,49,8,8,0,1.0,287.0,8,False
mapa2_laberinto.txt,ucs,62,100062,50,50,8,8,0,1.0,328.0,8,False
mapa2_laberinto.txt,ucs,63,100063,49,49,8,8,0,1.0,285.0,8,False
mapa2_laberinto.txt,ucs,64,100064,49,49,8,8,0,1.0,332.0,8,False
mapa2_laberinto.txt,ucs,65,100065,49,49,8,8,0,1.0,378.0,8,False
mapa2_laberinto.txt,ucs,66,100066,49,49,8,8,0,1.0,330.0,8,False
mapa2_laberinto.txt,ucs,67,100067,51,51,8,8,0,1.0,337.0,8,False
mapa2_laberinto.txt,ucs,68,100068,50,50,8,8,0,1.0,288.0,8,False
mapa2_laberinto.txt,ucs,69,100069,49,49,8,8,0,1.0,286.0,8,False
mapa2_laberinto.txt,ucs,70,100070,49,49,8,8,0,1.0,284.0,8,False
mapa2_laberinto.txt,ucs,71,100071,50,50,8,8,0,1.0,334.0,8,False
mapa2_laberinto.txt,ucs,72,100072,51,51,8,8,0,1.0,328.0,8,False
mapa2_laberinto.txt,ucs,73,100073,49,49,8,8,0,1.0,284.0,8,False
mapa2_laberinto.txt,ucs,74,100074,50,50,8,8,0,1.0,329.0,8,False
mapa2_laberinto.txt,ucs,75,100075,49,49,8,8,0,1.0,331.0,8,False
mapa2_laberinto.txt,ucs,76,100076,51,51,8,8,0,1.0,332.0,8,False
mapa2_laberinto.txt,ucs,77,100077,50,50,8,8,0,1.0,331.0,8,False
mapa2_laberinto.txt,ucs,78,100078,51,51,8,8,0,1.0,332.0,8,False
mapa2_laberinto.txt,ucs,79,100079,50,50,8,8,0,1.0,288.0,8,False
mapa2_laberinto.txt,ucs,80,100080,50,50,8,8,0,1.0,286.0,8,False
mapa2_laberinto.txt,ucs,81,100081,51,51,8,8,0,1.0,288.0,8,False
mapa2_laberinto.txt,ucs,82,100082,50,50,8,8,0,1.0,333.0,8,False
mapa2_laberinto.txt,ucs,83,100083,50,50,8,8,0,1.0,286.0,8,False
mapa2_laberinto.txt,ucs,84,100084,51,51,8,8,0,1.0,289.0,8,False
mapa2_laberinto.txt,ucs,85,100085,50,50,8,8,0,1.0,285.0,8,False
mapa2_laberinto.txt,ucs,86,100086,51,51,8,8,0,1.0,332.0,8,False
mapa2_laberinto.txt,ucs,87,100087,51,51,8,8,0,1.0,332.0,8,False
mapa2_laberinto.txt,ucs,88,100088,50,50,8,8,0,1.0,290.0,8,False
mapa2_laberinto.txt,ucs,89,100089,49,49,8,8,0,1.0,378.0,8,False
mapa2_laberinto.txt,ucs,90,100090,49,49,8,8,0,1.0,328.0,8,False
mapa2_laberinto.txt,ucs,91,100091,51,51,8,8,0,1.0,286.0,8,False
mapa2_laberinto.txt,ucs,92,100092,50,50,8,8,0,1.0,330.0,8,False
mapa2_laberinto.txt,ucs,93,100093,51,51,8,8,0,1.0,329.0,8,False
mapa2_laberinto.txt,ucs,94,100094,50,50,8,8,0,1.0,331.0,8,False
mapa2_laberinto.txt,ucs,95,100095,50,50,8,8,0,1.0,288.0,8,False
mapa2_laberinto.txt,ucs,96,100096,49,49,8,8,0,1.0,287.0,8,False
mapa2_laberinto.txt,ucs,97,100097,51,51,8,8,0,1.0,331.0,8,False
mapa2_laberinto.txt,ucs,98,100098,50,50,8,8,0,1.0,328.0,8,False
mapa2_laberinto.txt,ucs,99,100099,49,49,8,8,0,1.0,332.0,8,False
mapa2_laberinto.txt,ucs,100,100100,50,50,8,8,0,1.0,289.0,8,False
mapa2_laberinto.txt,ucs,101,100101,49,49,8,8,0,1.0,285.0,8,False
mapa2_laberinto.txt,ucs,102,100102,49,49,8,8,0,1.0,285.0,8,False
mapa2_laberinto.txt,ucs,103,100103,51,51,8,8,0,1.0,287.0,8,False
mapa2_laberinto.txt,ucs,104,100104,50,50,8,8,0,1.0,328.0,8,False
mapa2_laberinto.txt,ucs,105,100105,51,51,8,8,0,1.0,288.0,8,False
mapa2_laberinto.txt,ucs,106,100106,51,51,8,8,0,1.0,330.0,8,False
mapa2_laberinto.txt,ucs,107,100107,49,49,8,8,0,1.0,288.0,8,False
mapa2_laberinto.txt,ucs,108,100108,50,50,8,8,0,1.0,287.0,8,False
mapa2_laberinto.txt,ucs,109,100109,49,49,8,8,0,1.0,332.0,8,False
mapa2_laberinto.txt,ucs,110,100110,50,50,8,8,0,1.0,331.0,8,False
mapa2_laberinto.txt,ucs,111,100111,51,51,8,8,0,1.0,329.0,8,False
mapa2_laberinto.txt,ucs,112,100112,49,49,8,8,0,1.0,373.0,8,False
mapa2_laberinto.txt,ucs,113,100113,50,50,8,8,0,1.0,286.0,8,False
mapa2_laberinto.txt,ucs,114,100114,50,50,8,8,0,1.0,334.0,8,False
mapa2_laberinto.txt,ucs,115,100115,51,51,8,8,0,1.0,286.0,8,False
mapa2_laberinto.txt,ucs,116,100116,50,50,8,8,0,1.0,285.0,8,False
mapa2_laberinto.txt,ucs,117,100117,50,50,8,8,0,1.0,332.0,8,False
mapa2_laberinto.txt,ucs,118,100118,49,49,8,8,0,1.0,333.0,8,False
mapa2_laberinto.txt,ucs,119,100119,49,49,8,8,0,1.0,373.0,8,False
mapa2_laberinto.txt,ucs,120,100120,50,50,8,8,0,1.0,330.0,8,False
mapa2_laberinto.txt,ucs,121,100121,51,51,8,8,0,1.0,286.0,8,False
mapa2_laberinto.txt,ucs,122,100122,50,50,8,8,0,1.0,284.0,8,False
mapa2_laberinto.txt,ucs,123,100123,50,50,8,8,0,1.0,329.0,8,False
mapa2_laberinto.txt,ucs,124,100124,51,51,8,8,0,1.0,287.0,8,False
mapa2_laberinto.txt,ucs,125,100125,51,51,8,8,0,1.0,332.0,8,False
mapa2_laberinto.txt,ucs,126,100126,50,50,8,8,0,1.0,290.0,8,False
mapa2_laberinto.txt,ucs,127,100127,50,50,8,8,0,1.0,287.0,8,False
mapa2_laberinto.txt,ucs,128,100128,51,51,8,8,0,1.0,288.0,8,False
mapa2_laberinto.txt,ucs,129,100129,50,50,8,8,0,1.0,284.0,8,False
mapa2_laberinto.txt,ucs,130,100130,51,51,8,8,0,1.0,286.0,8,False
mapa2_laberinto.txt,ucs,131,100131,49,49,8,8,0,1.0,285.0,8,False
mapa2_laberinto.txt,ucs,132,100132,50,50,8,8,0,1.0,332.0,8,False
mapa2_laberinto.txt,ucs,133,100133,51,51,8,8,0,1.0,285.0,8,False
mapa2_laberinto.txt,ucs,134,100134,49,49,8,8,0,1.0,330.0,8,False
mapa2_laberinto.txt,ucs,135,100135,50,50,8,8,0,1.0,286.0,8,False
mapa2_laberinto.txt,ucs,136,100136,51,51,8,8,0,1.0,332.0,8,False
mapa2_laberinto.txt,ucs,137,100137,49,49,8,8,0,1.0,330.0,8,False
mapa2_laberinto.txt,ucs,138,100138,49,49,8,8,0,1.0,289.0,8,False
mapa2_laberinto.txt,ucs,139,100139,50,50,8,8,0,1.0,332.0,8,False
mapa2_laberinto.txt,ucs,140,100140,50,50,8,8,0,1.0,330.0,8,False
mapa2_laberinto.txt,ucs,141,100141,49,49,8,8,0,1.0,286.0,8,False
mapa2_laberinto.txt,ucs,142,100142,49,49,8,8,0,1.0,287.0,8,False
mapa2_laberinto.txt,ucs,143,100143,49,49,8,8,0,1.0,330.0,8,False
mapa2_laberinto.txt,ucs,144,100144,50,50,8,8,0,1.0,289.0,8,False
mapa2_laberinto.txt,ucs,145,100145,51,51,8,8,0,1.0,286.0,8,False
mapa2_laberinto.txt,ucs,146,100146,50,50,8,8,0,1.0,333.0,8,False
mapa2_laberinto.txt,ucs,147,100147,50,50,8,8,0,1.0,288.0,8,False
mapa2_laberinto.txt,ucs,148,100148,50,50,8,8,0,1.0,330.0,8,False
mapa2_laberinto.txt,ucs,149,100149,49,49,8,8,0,1.0,287.0,8,False
mapa2_laberinto.txt,ucs,150,100150,49,49,8,8,0,1.0,282.0,8,False
mapa2_laberinto.txt,ucs,151,100151,51,51,8,8,0,1.0,330.0,8,False
mapa2_laberinto.txt,ucs,152,100152,49,49,8,8,0,1.0,375.0,8,False
mapa2_laberinto.txt,ucs,153,100153,51,51,8,8,0,1.0,285.0,8,False
mapa2_laberinto.txt,ucs,154,100154,49,49,8,8,0,1.0,283.0,8,False
mapa2_laberinto.txt,ucs,155,100155,50,50,8,8,0,1.0,284.0,8,False
mapa2_laberinto.txt,ucs,156,100156,51,51,8,8,0,1.0,331.0,8,False
mapa2_laberinto.txt,ucs,157,100157,50,50,8,8,0,1.0,283.0,8,False
mapa2_laberinto.txt,ucs,158,100158,49,49,8,8,0,1.0,331.0,8,False
mapa2_laberinto.txt,ucs,159,100159,50,50,8,8,0,1.0,327.0,8,False
mapa2_laberinto.txt,ucs,160,100160,49,49,8,8,0,1.0,285.0,8,False
mapa2_laberinto.txt,ucs,161,100161,51,51,8,8,0,1.0,291.0,8,False
mapa2_laberinto.txt,ucs,162,100162,49,49,8,8,0,1.0,327.0,8,False
mapa2_laberinto.txt,ucs,163,100163,51,51,8,8,0,1.0,328.0,8,False
mapa2_laberinto.txt,ucs,164,100164,50,50,8,8,0,1.0,286.0,8,False
mapa2_laberinto.txt,ucs,165,100165,49,49,8,8,0,1.0,288.0,8,False
mapa2_laberinto.txt,ucs,166,100166,51,51,8,8,0,1.0,289.0,8,False
mapa2_laberinto.txt,ucs,167,100167,49,49,8,8,0,1.0,285.0,8,False
mapa2_laberinto.txt,ucs,168,100168,51,51,8,8,0,1.0,286.0,8,False
mapa2_laberinto.txt,ucs,169,100169,50,50,8,8,0,1.0,331.0,8,False
mapa2_laberinto.txt,ucs,170,100170,51,51,8,8,0,1.0,331.0,8,False
mapa2_laberinto.txt,ucs,171,100171,49,49,8,8,0,1.0,330.0,8,False
mapa2_laberinto.txt,ucs,172,100172,50,50,8,8,0,1.0,328.0,8,False
mapa2_laberinto.txt,ucs,173,100173,51,51,8,8,0,1.0,282.0,8,False
mapa2_laberinto.txt,ucs,174,100174,51,51,8,8,0,1.0,286.0,8,False
mapa2_laberinto.txt,ucs,175,100175,50,50,8,8,0,1.0,285.0,8,False
mapa2_laberinto.txt,ucs,176,100176,50,50,8,8,0,1.0,286.0,8,False
mapa2_laberinto.txt,ucs,177,100177,50,50,8,8,0,1.0,329.0,8,False
mapa2_laberinto.txt,ucs,178,100178,50,50,8,8,0,1.0,284.0,8,False
mapa2_laberinto.txt,ucs,179,100179,51,51,8,8,0,1.0,335.0,8,False
mapa2_laberinto.txt,ucs,180,100180,51,51,8,8,0,1.0,286.0,8,False
mapa2_laberinto.txt,ucs,181,100181,51,51,8,8,0,1.0,285.0,8,False
mapa2_laberinto.txt,ucs,182,100182,50,50,8,8,0,1.0,330.0,8,False
mapa2_laberinto.txt,ucs,183,100183,50,50,8,8,0,1.0,333.0,8,False
mapa2_laberinto.txt,ucs,184,100184,50,50,8,8,0,1.0,332.0,8,False
mapa2_laberinto.txt,ucs,185,100185,50,50,8,8,0,1.0,332.0,8,False
mapa2_laberinto.txt,ucs,186,100186,51,51,8,8,0,1.0,283.0,8,False
mapa2_laberinto.txt,ucs,187,100187,51,51,8,8,0,1.0,330.0,8,False
mapa2_laberinto.txt,ucs,188,100188,50,50,8,8,0,1.0,331.0,8,False
mapa2_laberinto.txt,ucs,189,100189,50,50,8,8,0,1.0,331.0,8,False
mapa2_laberinto.txt,ucs,190,100190,49,49,8,8,0,1.0,285.0,8,False
mapa2_laberinto.txt,ucs,191,100191,49,49,8,8,0,1.0,289.0,8,False
mapa2_laberinto.txt,ucs,192,100192,49,49,8,8,0,1.0,281.0,8,False
mapa2_laberinto.txt,ucs,193,100193,51,51,8,8,0,1.0,284.0,8,False
mapa2_laberinto.txt,ucs,194,100194,49,49,8,8,0,1.0,287.0,8,False
mapa2_laberinto.txt,ucs,195,100195,51,51,8,8,0,1.0,331.0,8,False
mapa2_laberinto.txt,ucs,196,100196,50,50,8,8,0,1.0,335.0,8,False
mapa2_laberinto.txt,ucs,197,100197,50,50,8,8,0,1.0,285.0,8,False
mapa2_laberinto.txt,ucs,198,100198,49,49,8,8,0,1.0,328.0,8,False
mapa2_laberinto.txt,ucs,199,100199,50,50,8,8,0,1.0,292.0,8,False
mapa2_laberinto.txt,greedy,0,100000,109,109,8,8,0,1.0,353.0,8,False
mapa2_laberinto.txt,greedy,1,100001,53,53,8,8,0,1.0,294.0,8,False
mapa2_laberinto.txt,greedy,2,100002,53,53,8,8,0,1.0,293.0,8,False
mapa2_laberinto.txt,greedy,3,100003,53,53,8,8,0,1.0,291.0,8,False
mapa2_laberinto.txt,greedy,4,100004,53,53,8,8,0,1.0,337.0,8,False
mapa2_laberinto.txt,greedy,5,100005,53,53,8,8,0,1.0,294.0,8,False
mapa2_laberinto.txt,greedy,6,100006,53,53,8,8,0,1.0,294.0,8,False
mapa2_laberinto.txt,greedy,7,100007,109,109,8,8,0,1.0,349.0,8,False
mapa2_laberinto.txt,greedy,8,100008,109,109,8,8,0,1.0,347.0,8,False
mapa2_laberinto.txt,greedy,9,100009,110,110,8,8,0,1.0,353.0,8,False
mapa2_laberinto.txt,greedy,10,100010,110,110,8,8,0,1.0,393.0,8,False
mapa2_laberinto.txt,greedy,11,100011,110,110,8,8,0,1.0,349.0,8,False
mapa2_laberinto.txt,greedy,12,100012,109,109,8,8,0,1.0,352.0,8,False
mapa2_laberinto.txt,greedy,13,100013,109,109,8,8,0,1.0,350.0,8,False
mapa2_laberinto.txt,greedy,14,100014,109,109,8,8,0,1.0,349.0,8,False
mapa2_laberinto.txt,greedy,15,100015,53,53,8,8,0,1.0,338.0,8,False
mapa2_laberinto.txt,greedy,16,100016,53,53,8,8,0,1.0,294.0,8,False
mapa2_laberinto.txt,greedy,17,100017,53,53,8,8,0,1.0,290.0,8,False
mapa2_laberinto.txt,greedy,18,100018,109,109,8,8,0,1.0,347.0,8,False
mapa2_laberinto.txt,greedy,19,100019,109,109,8,8,0,1.0,352.0,8,False
mapa2_laberinto.txt,greedy,20,100020,53,53,8,8,0,1.0,299.0,8,False
mapa2_laberinto.txt,greedy,21,100021,110,110,8,8,0,1.0,348.0,8,False
mapa2_laberinto.txt,greedy,22,100022,109,109,8,8,0,1.0,348.0,8,False
mapa2_laberinto.txt,greedy,23,100023,110,110,8,8,0,1.0,347.0,8,False
mapa2_laberinto.txt,greedy,24,100024,110,110,8,8,0,1.0,348.0,8,False
mapa2_laberinto.txt,greedy,25,100025,110,110,8,8,0,1.0,396.0,8,False
mapa2_laberinto.txt,greedy,26,100026,109,109,8,8,0,1.0,350.0,8,False
mapa2_laberinto.txt,greedy,27,100027,110,110,8,8,0,1.0,349.0,8,False
mapa2_laberinto.txt,greedy,28,100028,109,109,8,8,0,1.0,394.0,8,False
mapa2_laberinto.txt,greedy,29,100029,110,110,8,8,0,1.0,355.0,8,False
mapa2_laberinto.txt,greedy,30,100030,110,110,8,8,0,1.0,348.0,8,False
mapa2_laberinto.txt,greedy,31,100031,53,53,8,8,0,1.0,290.0,8,False
mapa2_laberinto.txt,greedy,32,100032,109,109,8,8,0,1.0,353.0,8,False
mapa2_laberinto.txt,greedy,33,100033,109,109,8,8,0,1.0,347.0,8,False
mapa2_laberinto.txt,greedy,34,100034,109,109,8,8,0,1.0,350.0,8,False
mapa2_laberinto.txt,greedy,35,100035,110,110,8,8,0,1.0,350.0,8,False
mapa2_laberinto.txt,greedy,36,100036,109,109,8,8,0,1.0,346.0,8,False
mapa2_laberinto.txt,greedy,37,100037,53,53,8,8,0,1.0,296.0,8,False
mapa2_laberinto.txt,greedy,38,100038,110,110,8,8,0,1.0,355.0,8,False
mapa2_laberinto.txt,greedy,39,100039,110,110,8,8,0,1.0,394.0,8,False
mapa2_laberinto.txt,greedy,40,100040,109,109,8,8,0,1.0,347.0,8,False
mapa2_laberinto.txt,greedy,41,100041,109,109,8,8,0,1.0,352.0,8,False
mapa2_laberinto.txt,greedy,42,100042,53,53,8,8,0,1.0,335.0,8,False
mapa2_laberinto.txt,greedy,43,100043,109,109,8,8,0,1.0,349.0,8,False
mapa2_laberinto.txt,greedy,44,100044,110,110,8,8,0,1.0,352.0,8,False
mapa2_laberinto.txt,greedy,45,100045,53,53,8,8,0,1.0,295.0,8,False
mapa2_laberinto.txt,greedy,46,100046,53,53,8,8,0,1.0,293.0,8,False
mapa2_laberinto.txt,greedy,47,100047,110,110,8,8,0,1.0,352.0,8,False
mapa2_laberinto.txt,greedy,48,100048,53,53,8,8,0,1.0,295.0,8,False
mapa2_laberinto.txt,greedy,49,100049,110,110,8,8,0,1.0,350.0,8,False
mapa2_laberinto.txt,greedy,50,100050,109,109,8,8,0,1.0,351.0,8,False
mapa2_laberinto.txt,greedy,51,100051,109,109,8,8,0,1.0,390.0,8,False
mapa2_laberinto.txt,greedy,52,100052,110,110,8,8,0,1.0,392.0,8,False
mapa2_laberinto.txt,greedy,53,100053,110,110,8,8,0,1.0,351.0,8,False
mapa2_laberinto.txt,greedy,54,100054,110,110,8,8,0,1.0,350.0,8,False
mapa2_laberinto.txt,greedy,55,100055,110,110,8,8,0,1.0,350.0,8,False
mapa2_laberinto.txt,greedy,56,100056,53,53,8,8,0,1.0,295.0,8,False
mapa2_laberinto.txt,greedy,57,100057,110,110,8,8,0,1.0,349.0,8,False
mapa2_laberinto.txt,greedy,58,100058,109,109,8,8,0,1.0,349.0,8,False
mapa2_laberinto.txt,greedy,59,100059,53,53,8,8,0,1.0,295.0,8,False
mapa2_laberinto.txt,greedy,60,100060,110,110,8,8,0,1.0,348.0,8,False
mapa2_laberinto.txt,greedy,61,100061,53,53,8,8,0,1.0,295.0,8,False
mapa2_laberinto.txt,greedy,62,100062,110,110,8,8,0,1.0,392.0,8,False
mapa2_laberinto.txt,greedy,63,100063,53,53,8,8,0,1.0,293.0,8,False
mapa2_laberinto.txt,greedy,64,100064,53,53,8,8,0,1.0,340.0,8,False
mapa2_laberinto.txt,greedy,65,100065,53,53,8,8,0,1.0,342.0,8,False
mapa2_laberinto.txt,greedy,66,100066,53,53,8,8,0,1.0,338.0,8,False
mapa2_laberinto.txt,greedy,67,100067,109,109,8,8,0,1.0,355.0,8,False
mapa2_laberinto.txt,greedy,68,100068,110,110,8,8,0,1.0,352.0,8,False
mapa2_laberinto.txt,greedy,69,100069,53,53,8,8,0,1.0,294.0,8,False
mapa2_laberinto.txt,greedy,70,100070,53,53,8,8,0,1.0,292.0,8,False
mapa2_laberinto.txt,greedy,71,100071,110,110,8,8,0,1.0,354.0,8,False
mapa2_laberinto.txt,greedy,72,100072,109,109,8,8,0,1.0,390.0,8,False
mapa2_laberinto.txt,greedy,73,100073,53,53,8,8,0,1.0,292.0,8,False
mapa2_laberinto.txt,greedy,74,100074,110,110,8,8,0,1.0,349.0,8,False
mapa2_laberinto.txt,greedy,75,100075,53,53,8,8,0,1.0,339.0,8,False
mapa2_laberinto.txt,greedy,76,100076,109,109,8,8,0,1.0,350.0,8,False
mapa2_laberinto.txt,greedy,77,100077,110,110,8,8,0,1.0,395.0,8,False
mapa2_laberinto.txt,greedy,78,100078,109,109,8,8,0,1.0,350.0,8,False
mapa2_laberinto.txt,greedy,79,100079,110,110,8,8,0,1.0,352.0,8,False
mapa2_laberinto.txt,greedy,80,100080,110,110,8,8,0,1.0,350.0,8,False
mapa2_laberinto.txt,greedy,81,100081,109,109,8,8,0,1.0,350.0,8,False
mapa2_laberinto.txt,greedy,82,100082,110,110,8,8,0,1.0,397.0,8,False
mapa2_laberinto.txt,greedy,83,100083,110,110,8,8,0,1.0,350.0,8,False
mapa2_laberinto.txt,greedy,84,100084,109,109,8,8,0,1.0,351.0,8,False
mapa2_laberinto.txt,greedy,85,100085,110,110,8,8,0,1.0,349.0,8,False
mapa2_laberinto.txt,greedy,86,100086,109,109,8,8,0,1.0,350.0,8,False
mapa2_laberinto.txt,greedy,87,100087,109,109,8,8,0,1.0,394.0,8,False
mapa2_laberinto.txt,greedy,88,100088,110,110,8,8,0,1.0,354.0,8,False
mapa2_laberinto.txt,greedy,89,100089,53,53,8,8,0,1.0,342.0,8,False
mapa2_laberinto.txt,greedy,90,100090,53,53,8,8,0,1.0,292.0,8,False
mapa2_laberinto.txt,greedy,91,100091,109,109,8,8,0,1.0,348.0,8,False
mapa2_laberinto.txt,greedy,92,100092,110,110,8,8,0,1.0,394.0,8,False
mapa2_laberinto.txt,greedy,93,100093,109,109,8,8,0,1.0,391.0,8,False
mapa2_laberinto.txt,greedy,94,100094,110,110,8,8,0,1.0,351.0,8,False
mapa2_laberinto.txt,greedy,95,100095,110,110,8,8,0,1.0,352.0,8,False
mapa2_laberinto.txt,greedy,96,100096,53,53,8,8,0,1.0,295.0,8,False
mapa2_laberinto.txt,greedy,97,100097,109,109,8,8,0,1.0,349.0,8,False
mapa2_laberinto.txt,greedy,98,100098,110,110,8,8,0,1.0,348.0,8,False
mapa2_laberinto.txt,greedy,99,100099,53,53,8,8,0,1.0,296.0,8,False
mapa2_laberinto.txt,greedy,100,100100,110,110,8,8,0,1.0,353.0,8,False
mapa2_laberinto.txt,greedy,101,100101,53,53,8,8,0,1.0,293.0,8,False
mapa2_laberinto.txt,greedy,102,100102,53,53,8,8,0,1.0,293.0,8,False
mapa2_laberinto.txt,greedy,103,100103,109,109,8,8,0,1.0,349.0,8,False
mapa2_laberinto.txt,greedy,104,100104,110,110,8,8,0,1.0,392.0,8,False
mapa2_laberinto.txt,greedy,105,100105,109,109,8,8,0,1.0,350.0,8,False
mapa2_laberinto.txt,greedy,106,100106,109,109,8,8,0,1.0,392.0,8,False
mapa2_laberinto.txt,greedy,107,100107,53,53,8,8,0,1.0,296.0,8,False
mapa2_laberinto.txt,greedy,108,100108,110,110,8,8,0,1.0,351.0,8,False
mapa2_laberinto.txt,greedy,109,100109,53,53,8,8,0,1.0,296.0,8,False
mapa2_laberinto.txt,greedy,110,100110,110,110,8,8,0,1.0,351.0,8,False
mapa2_laberinto.txt,greedy,111,100111,109,109,8,8,0,1.0,391.0,8,False
mapa2_laberinto.txt,greedy,112,100112,53,53,8,8,0,1.0,337.0,8,False
mapa2_laberinto.txt,greedy,113,100113,110,110,8,8,0,1.0,350.0,8,False
mapa2_laberinto.txt,greedy,114,100114,110,110,8,8,0,1.0,354.0,8,False
mapa2_laberinto.txt,greedy,115,100115,109,109,8,8,0,1.0,348.0,8,False
mapa2_laberinto.txt,greedy,116,100116,110,110,8,8,0,1.0,349.0,8,False
mapa2_laberinto.txt,greedy,117,100117,110,110,8,8,0,1.0,352.0,8,False
mapa2_laberinto.txt,greedy,118,100118,53,53,8,8,0,1.0,297.0,8,False
mapa2_laberinto.txt,greedy,119,100119,53,53,8,8,0,1.0,337.0,8,False
mapa2_laberinto.txt,greedy,120,100120,110,110,8,8,0,1.0,394.0,8,False
mapa2_laberinto.txt,greedy,121,100121,109,109,8,8,0,1.0,348.0,8,False
mapa2_laberinto.txt,greedy,122,100122,110,110,8,8,0,1.0,348.0,8,False
mapa2_laberinto.txt,greedy,123,100123,110,110,8,8,0,1.0,349.0,8,False
mapa2_laberinto.txt,greedy,124,100124,109,109,8,8,0,1.0,349.0,8,False
mapa2_laberinto.txt,greedy,125,100125,109,109,8,8,0,1.0,350.0,8,False
mapa2_laberinto.txt,greedy,126,100126,110,110,8,8,0,1.0,354.0,8,False
mapa2_laberinto.txt,greedy,127,100127,110,110,8,8,0,1.0,351.0,8,False
mapa2_laberinto.txt,greedy,128,100128,109,109,8,8,0,1.0,350.0,8,False
mapa2_laberinto.txt,greedy,129,100129,110,110,8,8,0,1.0,348.0,8,False
mapa2_laberinto.txt,greedy,130,100130,109,109,8,8,0,1.0,348.0,8,False
mapa2_laberinto.txt,greedy,131,100131,53,53,8,8,0,1.0,293.0,8,False
mapa2_laberinto.txt,greedy,132,100132,110,110,8,8,0,1.0,396.0,8,False
mapa2_laberinto.txt,greedy,133,100133,109,109,8,8,0,1.0,347.0,8,False
mapa2_laberinto.txt,greedy,134,100134,53,53,8,8,0,1.0,338.0,8,False
mapa2_laberinto.txt,greedy,135,100135,110,110,8,8,0,1.0,350.0,8,False
mapa2_laberinto.txt,greedy,136,100136,109,109,8,8,0,1.0,394.0,8,False
mapa2_laberinto.txt,greedy,137,100137,53,53,8,8,0,1.0,338.0,8,False
mapa2_laberinto.txt,greedy,138,100138,53,53,8,8,0,1.0,297.0,8,False
mapa2_laberinto.txt,greedy,139,100139,110,110,8,8,0,1.0,352.0,8,False
mapa2_laberinto.txt,greedy,140,100140,110,110,8,8,0,1.0,394.0,8,False
mapa2_laberinto.txt,greedy,141,100141,53,53,8,8,0,1.0,294.0,8,False
mapa2_laberinto.txt,greedy,142,100142,53,53,8,8,0,1.0,295.0,8,False
mapa2_laberinto.txt,greedy,143,100143,53,53,8,8,0,1.0,294.0,8,False
mapa2_laberinto.txt,greedy,144,100144,110,110,8,8,0,1.0,353.0,8,False
mapa2_laberinto.txt,greedy,145,100145,109,109,8,8,0,1.0,348.0,8,False
mapa2_laberinto.txt,greedy,146,100146,110,110,8,8,0,1.0,353.0,8,False
mapa2_laberinto.txt,greedy,147,100147,110,110,8,8,0,1.0,352.0,8,False
mapa2_laberinto.txt,greedy,148,100148,110,110,8,8,0,1.0,394.0,8,False
mapa2_laberinto.txt,greedy,149,100149,53,53,8,8,0,1.0,295.0,8,False
mapa2_laberinto.txt,greedy,150,100150,53,53,8,8,0,1.0,290.0,8,False
mapa2_laberinto.txt,greedy,151,100151,109,109,8,8,0,1.0,348.0,8,False
mapa2_laberinto.txt,greedy,152,100152,53,53,8,8,0,1.0,339.0,8,False
mapa2_laberinto.txt,greedy,153,100153,109,109,8,8,0,1.0,347.0,8,False
mapa2_laberinto.txt,greedy,154,100154,53,53,8,8,0,1.0,291.0,8,False
mapa2_laberinto.txt,greedy,155,100155,110,110,8,8,0,1.0,348.0,8,False
mapa2_laberinto.txt,greedy,156,100156,109,109,8,8,0,1.0,393.0,8,False
mapa2_laberinto.txt,greedy,157,100157,110,110,8,8,0,1.0,347.0,8,False
mapa2_laberinto.txt,greedy,158,100158,53,53,8,8,0,1.0,295.0,8,False
mapa2_laberinto.txt,greedy,159,100159,110,110,8,8,0,1.0,347.0,8,False
mapa2_laberinto.txt,greedy,160,100160,53,53,8,8,0,1.0,293.0,8,False
mapa2_laberinto.txt,greedy,161,100161,109,109,8,8,0,1.0,353.0,8,False
mapa2_laberinto.txt,greedy,162,100162,53,53,8,8,0,1.0,291.0,8,False
mapa2_laberinto.txt,greedy,163,100163,109,109,8,8,0,1.0,346.0,8,False
mapa2_laberinto.txt,greedy,164,100164,110,110,8,8,0,1.0,350.0,8,False
mapa2_laberinto.txt,greedy,165,100165,53,53,8,8,0,1.0,296.0,8,False
mapa2_laberinto.txt,greedy,166,100166,109,109,8,8,0,1.0,351.0,8,False
mapa2_laberinto.txt,greedy,167,100167,53,53,8,8,0,1.0,293.0,8,False
mapa2_laberinto.txt,greedy,168,100168,109,109,8,8,0,1.0,348.0,8,False
mapa2_laberinto.txt,greedy,169,100169,110,110,8,8,0,1.0,395.0,8,False
mapa2_laberinto.txt,greedy,170,100170,109,109,8,8,0,1.0,393.0,8,False
mapa2_laberinto.txt,greedy,171,100171,53,53,8,8,0,1.0,294.0,8,False
mapa2_laberinto.txt,greedy,172,100172,110,110,8,8,0,1.0,392.0,8,False
mapa2_laberinto.txt,greedy,173,100173,109,109,8,8,0,1.0,344.0,8,False
mapa2_laberinto.txt,greedy,174,100174,109,109,8,8,0,1.0,348.0,8,False
mapa2_laberinto.txt,greedy,175,100175,110,110,8,8,0,1.0,349.0,8,False
mapa2_laberinto.txt,greedy,176,100176,110,110,8,8,0,1.0,350.0,8,False
mapa2_laberinto.txt,greedy,177,100177,110,110,8,8,0,1.0,349.0,8,False
mapa2_laberinto.txt,greedy,178,100178,110,110,8,8,0,1.0,348.0,8,False
mapa2_laberinto.txt,greedy,179,100179,109,109,8,8,0,1.0,353.0,8,False
mapa2_laberinto.txt,greedy,180,100180,109,109,8,8,0,1.0,348.0,8,False
mapa2_laberinto.txt,greedy,181,100181,109,109,8,8,0,1.0,347.0,8,False
mapa2_laberinto.txt,greedy,182,100182,110,110,8,8,0,1.0,394.0,8,False
mapa2_laberinto.txt,greedy,183,100183,110,110,8,8,0,1.0,353.0,8,False
mapa2_laberinto.txt,greedy,184,100184,110,110,8,8,0,1.0,352.0,8,False
mapa2_laberinto.txt,greedy,185,100185,110,110,8,8,0,1.0,352.0,8,False
mapa2_laberinto.txt,greedy,186,100186,109,109,8,8,0,1.0,345.0,8,False
mapa2_laberinto.txt,greedy,187,100187,109,109,8,8,0,1.0,348.0,8,False
mapa2_laberinto.txt,greedy,188,100188,110,110,8,8,0,1.0,351.0,8,False
mapa2_laberinto.txt,greedy,189,100189,110,110,8,8,0,1.0,351.0,8,False
mapa2_laberinto.txt,greedy,190,100190,53,53,8,8,0,1.0,293.0,8,False
mapa2_laberinto.txt,greedy,191,100191,53,53,8,8,0,1.0,297.0,8,False
mapa2_laberinto.txt,greedy,192,100192,53,53,8,8,0,1.0,289.0,8,False
mapa2_laberinto.txt,greedy,193,100193,109,109,8,8,0,1.0,346.0,8,False
mapa2_laberinto.txt,greedy,194,100194,53,53,8,8,0,1.0,295.0,8,False
mapa2_laberinto.txt,greedy,195,100195,109,109,8,8,0,1.0,393.0,8,False
mapa2_laberinto.txt,greedy,196,100196,110,110,8,8,0,1.0,355.0,8,False
mapa2_laberinto.txt,greedy,197,100197,110,110,8,8,0,1.0,349.0,8,False
mapa2_laberinto.txt,greedy,198,100198,53,53,8,8,0,1.0,336.0,8,False
mapa2_laberinto.txt,greedy,199,100199,110,110,8,8,0,1.0,356.0,8,False
mapa2_laberinto.txt,astar,0,100000,51,51,8,8,0,1.0,291.0,8,False
mapa2_laberinto.txt,astar,1,100001,49,49,8,8,0,1.0,286.0,8,False
mapa2_laberinto.txt,astar,2,100002,49,49,8,8,0,1.0,329.0,8,False
mapa2_laberinto.txt,astar,3,100003,49,49,8,8,0,1.0,327.0,8,False
mapa2_laberinto.txt,astar,4,100004,49,49,8,8,0,1.0,329.0,8,False
mapa2_laberinto.txt,astar,5,100005,49,49,8,8,0,1.0,286.0,8,False
mapa2_laberinto.txt,astar,6,100006,49,49,8,8,0,1.0,330.0,8,False
mapa2_laberinto.txt,astar,7,100007,51,51,8,8,0,1.0,287.0,8,False
mapa2_laberinto.txt,astar,8,100008,51,51,8,8,0,1.0,285.0,8,False
mapa2_laberinto.txt,astar,9,100009,50,50,8,8,0,1.0,333.0,8,False
mapa2_laberinto.txt,astar,10,100010,50,50,8,8,0,1.0,329.0,8,False
mapa2_laberinto.txt,astar,11,100011,50,50,8,8,0,1.0,285.0,8,False
mapa2_laberinto.txt,astar,12,100012,51,51,8,8,0,1.0,334.0,8,False
mapa2_laberinto.txt,astar,13,100013,51,51,8,8,0,1.0,332.0,8,False
mapa2_laberinto.txt,astar,14,100014,51,51,8,8,0,1.0,331.0,8,False
mapa2_laberinto.txt,astar,15,100015,49,49,8,8,0,1.0,330.0,8,False
mapa2_laberinto.txt,astar,16,100016,49,49,8,8,0,1.0,286.0,8,False
mapa2_laberinto.txt,astar,17,100017,49,49,8,8,0,1.0,282.0,8,False
mapa2_laberinto.txt,astar,18,100018,51,51,8,8,0,1.0,285.0,8,False
mapa2_laberinto.txt,astar,19,100019,51,51,8,8,0,1.0,290.0,8,False
mapa2_laberinto.txt,astar,20,100020,49,49,8,8,0,1.0,335.0,8,False
mapa2_laberinto.txt,astar,21,100021,50,50,8,8,0,1.0,284.0,8,False
mapa2_laberinto.txt,astar,22,100022,51,51,8,8,0,1.0,330.0,8,False
mapa2_laberinto.txt,astar,23,100023,50,50,8,8,0,1.0,283.0,8,False
mapa2_laberinto.txt,astar,24,100024,50,50,8,8,0,1.0,328.0,8,False
mapa2_laberinto.txt,astar,25,100025,50,50,8,8,0,1.0,332.0,8,False
mapa2_laberinto.txt,astar,26,100026,51,51,8,8,0,1.0,332.0,8,False
mapa2_laberinto.txt,astar,27,100027,50,50,8,8,0,1.0,285.0,8,False
mapa2_laberinto.txt,astar,28,100028,51,51,8,8,0,1.0,376.0,8,False
mapa2_laberinto.txt,astar,29,100029,50,50,8,8,0,1.0,335.0,8,False
mapa2_laberinto.txt,astar,30,100030,50,50,8,8,0,1.0,328.0,8,False
mapa2_laberinto.txt,astar,31,100031,49,49,8,8,0,1.0,326.0,8,False
mapa2_laberinto.txt,astar,32,100032,51,51,8,8,0,1.0,291.0,8,False
mapa2_laberinto.txt,astar,33,100033,51,51,8,8,0,1.0,285.0,8,False
mapa2_laberinto.txt,astar,34,100034,51,51,8,8,0,1.0,288.0,8,False
mapa2_laberinto.txt,astar,35,100035,50,50,8,8,0,1.0,286.0,8,False
mapa2_laberinto.txt,astar,36,100036,51,51,8,8,0,1.0,284.0,8,False
mapa2_laberinto.txt,astar,37,100037,49,49,8,8,0,1.0,288.0,8,False
mapa2_laberinto.txt,astar,38,100038,50,50,8,8,0,1.0,291.0,8,False
mapa2_laberinto.txt,astar,39,100039,50,50,8,8,0,1.0,330.0,8,False
mapa2_laberinto.txt,astar,40,100040,51,51,8,8,0,1.0,285.0,8,False
mapa2_laberinto.txt,astar,41,100041,51,51,8,8,0,1.0,334.0,8,False
mapa2_laberinto.txt,astar,42,100042,49,49,8,8,0,1.0,327.0,8,False
mapa2_laberinto.txt,astar,43,100043,51,51,8,8,0,1.0,287.0,8,False
mapa2_laberinto.txt,astar,44,100044,50,50,8,8,0,1.0,288.0,8,False
mapa2_laberinto.txt,astar,45,100045,49,49,8,8,0,1.0,331.0,8,False
mapa2_laberinto.txt,astar,46,100046,49,49,8,8,0,1.0,285.0,8,False
mapa2_laberinto.txt,astar,47,100047,50,50,8,8,0,1.0,288.0,8,False
mapa2_laberinto.txt,astar,48,100048,49,49,8,8,0,1.0,287.0,8,False
mapa2_laberinto.txt,astar,49,100049,50,50,8,8,0,1.0,286.0,8,False
mapa2_laberinto.txt,astar,50,100050,51,51,8,8,0,1.0,289.0,8,False
mapa2_laberinto.txt,astar,51,100051,51,51,8,8,0,1.0,372.0,8,False
mapa2_laberinto.txt,astar,52,100052,50,50,8,8,0,1.0,328.0,8,False
mapa2_laberinto.txt,astar,53,100053,50,50,8,8,0,1.0,331.0,8,False
mapa2_laberinto.txt,astar,54,100054,50,50,8,8,0,1.0,286.0,8,False
mapa2_laberinto.txt,astar,55,100055,50,50,8,8,0,1.0,286.0,8,False
mapa2_laberinto.txt,astar,56,100056,49,49,8,8,0,1.0,287.0,8,False
mapa2_laberinto.txt,astar,57,100057,50,50,8,8,0,1.0,285.0,8,False
mapa2_laberinto.txt,astar,58,100058,51,51,8,8,0,1.0,287.0,8,False
mapa2_laberinto.txt,astar,59,100059,49,49,8,8,0,1.0,287.0,8,False
mapa2_laberinto.txt,astar,60,100060,50,50,8,8,0,1.0,284.0,8,False
mapa2_laberinto.txt,astar,61,100061,49,49,8,8,0,1.0,287.0,8,False
mapa2_laberinto.txt,astar,62,100062,50,50,8,8,0,1.0,328.0,8,False
mapa2_laberinto.txt,astar,63,100063,49,49,8,8,0,1.0,285.0,8,False
mapa2_laberinto.txt,astar,64,100064,49,49,8,8,0,1.0,332.0,8,False
mapa2_laberinto.txt,astar,65,100065,49,49,8,8,0,1.0,378.0,8,False
mapa2_laberinto.txt,astar,66,100066,49,49,8,8,0,1.0,330.0,8,False
mapa2_laberinto.txt,astar,67,100067,51,51,8,8,0,1.0,337.0,8,False
mapa2_laberinto.txt,astar,68,100068,50,50,8,8,0,1.0,288.0,8,False
mapa2_laberinto.txt,astar,69,100069,49,49,8,8,0,1.0,286.0,8,False
mapa2_laberinto.txt,astar,70,100070,49,49,8,8,0,1.0,284.0,8,False
mapa2_laberinto.txt,astar,71,100071,50,50,8,8,0,1.0,334.0,8,False
mapa2_laberinto.txt,astar,72,100072,51,51,8,8,0,1.0,328.0,8,False
mapa2_laberinto.txt,astar,73,100073,49,49,8,8,0,1.0,284.0,8,False
mapa2_laberinto.txt,astar,74,100074,50,50,8,8,0,1.0,329.0,8,False
mapa2_laberinto.txt,astar,75,100075,49,49,8,8,0,1.0,331.0,8,False
mapa2_laberinto.txt,astar,76,100076,51,51,8,8,0,1.0,332.0,8,False
mapa2_laberinto.txt,astar,77,100077,50,50,8,8,0,1.0,331.0,8,False
mapa2_laberinto.txt,astar,78,100078,51,51,8,8,0,1.0,332.0,8,False
mapa2_laberinto.txt,astar,79,100079,50,50,8,8,0,1.0,288.0,8,False
mapa2_laberinto.txt,astar,80,100080,50,50,8,8,0,1.0,286.0,8,False
mapa2_laberinto.txt,astar,81,100081,51,51,8,8,0,1.0,288.0,8,False
mapa2_laberinto.txt,astar,82,100082,50,50,8,8,0,1.0,333.0,8,False
mapa2_laberinto.txt,astar,83,100083,50,50,8,8,0,1.0,286.0,8,False
mapa2_laberinto.txt,astar,84,100084,51,51,8,8,0,1.0,289.0,8,False
mapa2_laberinto.txt,astar,85,100085,50,50,8,8,0,1.0,285.0,8,False
mapa2_laberinto.txt,astar,86,100086,51,51,8,8,0,1.0,332.0,8,False
mapa2_laberinto.txt,astar,87,100087,51,51,8,8,0,1.0,332.0,8,False
mapa2_laberinto.txt,astar,88,100088,50,50,8,8,0,1.0,290.0,8,False
mapa2_laberinto.txt,astar,89,100089,49,49,8,8,0,1.0,378.0,8,False
mapa2_laberinto.txt,astar,90,100090,49,49,8,8,0,1.0,328.0,8,False
mapa2_laberinto.txt,astar,91,100091,51,51,8,8,0,1.0,286.0,8,False
mapa2_laberinto.txt,astar,92,100092,50,50,8,8,0,1.0,330.0,8,False
mapa2_laberinto.txt,astar,93,100093,51,51,8,8,0,1.0,329.0,8,False
mapa2_laberinto.txt,astar,94,100094,50,50,8,8,0,1.0,331.0,8,False
mapa2_laberinto.txt,astar,95,100095,50,50,8,8,0,1.0,288.0,8,False
mapa2_laberinto.txt,astar,96,100096,49,49,8,8,0,1.0,287.0,8,False
mapa2_laberinto.txt,astar,97,100097,51,51,8,8,0,1.0,331.0,8,False
mapa2_laberinto.txt,astar,98,100098,50,50,8,8,0,1.0,328.0,8,False
mapa2_laberinto.txt,astar,99,100099,49,49,8,8,0,1.0,332.0,8,False
mapa2_laberinto.txt,astar,100,100100,50,50,8,8,0,1.0,289.0,8,False
mapa2_laberinto.txt,astar,101,100101,49,49,8,8,0,1.0,285.0,8,False
mapa2_laberinto.txt,astar,102,100102,49,49,8,8,0,1.0,285.0,8,False
mapa2_laberinto.txt,astar,103,100103,51,51,8,8,0,1.0,287.0,8,False
mapa2_laberinto.txt,astar,104,100104,50,50,8,8,0,1.0,328.0,8,False
mapa2_laberinto.txt,astar,105,100105,51,51,8,8,0,1.0,288.0,8,False
mapa2_laberinto.txt,astar,106,100106,51,51,8,8,0,1.0,330.0,8,False
mapa2_laberinto.txt,astar,107,100107,49,49,8,8,0,1.0,288.0,8,False
mapa2_laberinto.txt,astar,108,100108,50,50,8,8,0,1.0,287.0,8,False
mapa2_laberinto.txt,astar,109,100109,49,49,8,8,0,1.0,332.0,8,False
mapa2_laberinto.txt,astar,110,100110,50,50,8,8,0,1.0,331.0,8,False
mapa2_laberinto.txt,astar,111,100111,51,51,8,8,0,1.0,329.0,8,False
mapa2_laberinto.txt,astar,112,100112,49,49,8,8,0,1.0,373.0,8,False
mapa2_laberinto.txt,astar,113,100113,50,50,8,8,0,1.0,286.0,8,False
mapa2_laberinto.txt,astar,114,100114,50,50,8,8,0,1.0,334.0,8,False
mapa2_laberinto.txt,astar,115,100115,51,51,8,8,0,1.0,286.0,8,False
mapa2_laberinto.txt,astar,116,100116,50,50,8,8,0,1.0,285.0,8,False
mapa2_laberinto.txt,astar,117,100117,50,50,8,8,0,1.0,332.0,8,False
mapa2_laberinto.txt,astar,118,100118,49,49,8,8,0,1.0,333.0,8,False
mapa2_laberinto.txt,astar,119,100119,49,49,8,8,0,1.0,373.0,8,False
mapa2_laberinto.txt,astar,120,100120,50,50,8,8,0,1.0,330.0,8,False
mapa2_laberinto.txt,astar,121,100121,51,51,8,8,0,1.0,286.0,8,False
mapa2_laberinto.txt,astar,122,100122,50,50,8,8,0,1.0,284.0,8,False
mapa2_laberinto.txt,astar,123,100123,50,50,8,8,0,1.0,329.0,8,False
mapa2_laberinto.txt,astar,124,100124,51,51,8,8,0,1.0,287.0,8,False
mapa2_laberinto.txt,astar,125,100125,51,51,8,8,0,1.0,332.0,8,False
mapa2_laberinto.txt,astar,126,100126,50,50,8,8,0,1.0,290.0,8,False
mapa2_laberinto.txt,astar,127,100127,50,50,8,8,0,1.0,287.0,8,False
mapa2_laberinto.txt,astar,128,100128,51,51,8,8,0,1.0,288.0,8,False
mapa2_laberinto.txt,astar,129,100129,50,50,8,8,0,1.0,284.0,8,False
mapa2_laberinto.txt,astar,130,100130,51,51,8,8,0,1.0,286.0,8,False
mapa2_laberinto.txt,astar,131,100131,49,49,8,8,0,1.0,285.0,8,False
mapa2_laberinto.txt,astar,132,100132,50,50,8,8,0,1.0,332.0,8,False
mapa2_laberinto.txt,astar,133,100133,51,51,8,8,0,1.0,285.0,8,False
mapa2_laberinto.txt,astar,134,100134,49,49,8,8,0,1.0,330.0,8,False
mapa2_laberinto.txt,astar,135,100135,50,50,8,8,0,1.0,286.0,8,False
mapa2_laberinto.txt,astar,136,100136,51,51,8,8,0,1.0,332.0,8,False
mapa2_laberinto.txt,astar,137,100137,49,49,8,8,0,1.0,330.0,8,False
mapa2_laberinto.txt,astar,138,100138,49,49,8,8,0,1.0,289.0,8,False
mapa2_laberinto.txt,astar,139,100139,50,50,8,8,0,1.0,332.0,8,False
mapa2_laberinto.txt,astar,140,100140,50,50,8,8,0,1.0,330.0,8,False
mapa2_laberinto.txt,astar,141,100141,49,49,8,8,0,1.0,286.0,8,False
mapa2_laberinto.txt,astar,142,100142,49,49,8,8,0,1.0,287.0,8,False
mapa2_laberinto.txt,astar,143,100143,49,49,8,8,0,1.0,330.0,8,False
mapa2_laberinto.txt,astar,144,100144,50,50,8,8,0,1.0,289.0,8,False
mapa2_laberinto.txt,astar,145,100145,51,51,8,8,0,1.0,286.0,8,False
mapa2_laberinto.txt,astar,146,100146,50,50,8,8,0,1.0,333.0,8,False
mapa2_laberinto.txt,astar,147,100147,50,50,8,8,0,1.0,288.0,8,False
mapa2_laberinto.txt,astar,148,100148,50,50,8,8,0,1.0,330.0,8,False
mapa2_laberinto.txt,astar,149,100149,49,49,8,8,0,1.0,287.0,8,False
mapa2_laberinto.txt,astar,150,100150,49,49,8,8,0,1.0,282.0,8,False
mapa2_laberinto.txt,astar,151,100151,51,51,8,8,0,1.0,330.0,8,False
mapa2_laberinto.txt,astar,152,100152,49,49,8,8,0,1.0,375.0,8,False
mapa2_laberinto.txt,astar,153,100153,51,51,8,8,0,1.0,285.0,8,False
mapa2_laberinto.txt,astar,154,100154,49,49,8,8,0,1.0,283.0,8,False
mapa2_laberinto.txt,astar,155,100155,50,50,8,8,0,1.0,284.0,8,False
mapa2_laberinto.txt,astar,156,100156,51,51,8,8,0,1.0,331.0,8,False
mapa2_laberinto.txt,astar,157,100157,50,50,8,8,0,1.0,283.0,8,False
mapa2_laberinto.txt,astar,158,100158,49,49,8,8,0,1.0,331.0,8,False
mapa2_laberinto.txt,astar,159,100159,50,50,8,8,0,1.0,327.0,8,False
mapa2_laberinto.txt,astar,160,100160,49,49,8,8,0,1.0,285.0,8,False
mapa2_laberinto.txt,astar,161,100161,51,51,8,8,0,1.0,291.0,8,False
mapa2_laberinto.txt,astar,162,100162,49,49,8,8,0,1.0,327.0,8,False
mapa2_laberinto.txt,astar,163,100163,51,51,8,8,0,1.0,328.0,8,False
mapa2_laberinto.txt,astar,164,100164,50,50,8,8,0,1.0,286.0,8,False
mapa2_laberinto.txt,astar,165,100165,49,49,8,8,0,1.0,288.0,8,False
mapa2_laberinto.txt,astar,166,100166,51,51,8,8,0,1.0,289.0,8,False
mapa2_laberinto.txt,astar,167,100167,49,49,8,8,0,1.0,285.0,8,False
mapa2_laberinto.txt,astar,168,100168,51,51,8,8,0,1.0,286.0,8,False
mapa2_laberinto.txt,astar,169,100169,50,50,8,8,0,1.0,331.0,8,False
mapa2_laberinto.txt,astar,170,100170,51,51,8,8,0,1.0,331.0,8,False
mapa2_laberinto.txt,astar,171,100171,49,49,8,8,0,1.0,330.0,8,False
mapa2_laberinto.txt,astar,172,100172,50,50,8,8,0,1.0,328.0,8,False
mapa2_laberinto.txt,astar,173,100173,51,51,8,8,0,1.0,282.0,8,False
mapa2_laberinto.txt,astar,174,100174,51,51,8,8,0,1.0,286.0,8,False
mapa2_laberinto.txt,astar,175,100175,50,50,8,8,0,1.0,285.0,8,False
mapa2_laberinto.txt,astar,176,100176,50,50,8,8,0,1.0,286.0,8,False
mapa2_laberinto.txt,astar,177,100177,50,50,8,8,0,1.0,329.0,8,False
mapa2_laberinto.txt,astar,178,100178,50,50,8,8,0,1.0,284.0,8,False
mapa2_laberinto.txt,astar,179,100179,51,51,8,8,0,1.0,335.0,8,False
mapa2_laberinto.txt,astar,180,100180,51,51,8,8,0,1.0,286.0,8,False
mapa2_laberinto.txt,astar,181,100181,51,51,8,8,0,1.0,285.0,8,False
mapa2_laberinto.txt,astar,182,100182,50,50,8,8,0,1.0,330.0,8,False
mapa2_laberinto.txt,astar,183,100183,50,50,8,8,0,1.0,333.0,8,False
mapa2_laberinto.txt,astar,184,100184,50,50,8,8,0,1.0,332.0,8,False
mapa2_laberinto.txt,astar,185,100185,50,50,8,8,0,1.0,332.0,8,False
mapa2_laberinto.txt,astar,186,100186,51,51,8,8,0,1.0,283.0,8,False
mapa2_laberinto.txt,astar,187,100187,51,51,8,8,0,1.0,330.0,8,False
mapa2_laberinto.txt,astar,188,100188,50,50,8,8,0,1.0,331.0,8,False
mapa2_laberinto.txt,astar,189,100189,50,50,8,8,0,1.0,331.0,8,False
mapa2_laberinto.txt,astar,190,100190,49,49,8,8,0,1.0,285.0,8,False
mapa2_laberinto.txt,astar,191,100191,49,49,8,8,0,1.0,289.0,8,False
mapa2_laberinto.txt,astar,192,100192,49,49,8,8,0,1.0,281.0,8,False
mapa2_laberinto.txt,astar,193,100193,51,51,8,8,0,1.0,284.0,8,False
mapa2_laberinto.txt,astar,194,100194,49,49,8,8,0,1.0,287.0,8,False
mapa2_laberinto.txt,astar,195,100195,51,51,8,8,0,1.0,331.0,8,False
mapa2_laberinto.txt,astar,196,100196,50,50,8,8,0,1.0,335.0,8,False
mapa2_laberinto.txt,astar,197,100197,50,50,8,8,0,1.0,285.0,8,False
mapa2_laberinto.txt,astar,198,100198,49,49,8,8,0,1.0,328.0,8,False
mapa2_laberinto.txt,astar,199,100199,50,50,8,8,0,1.0,292.0,8,False
mapa2_laberinto.txt,genetico,0,100000,51,51,8,8,0,1.0,295.0,8,False
mapa2_laberinto.txt,genetico,1,100001,49,49,8,8,0,1.0,286.0,8,False
mapa2_laberinto.txt,genetico,2,100002,49,49,8,8,0,1.0,329.0,8,False
mapa2_laberinto.txt,genetico,3,100003,49,49,8,8,0,1.0,287.0,8,False
mapa2_laberinto.txt,genetico,4,100004,49,49,8,8,0,1.0,327.0,8,False
mapa2_laberinto.txt,genetico,5,100005,49,49,8,8,0,1.0,286.0,8,False
mapa2_laberinto.txt,genetico,6,100006,49,49,8,8,0,1.0,290.0,8,False
mapa2_laberinto.txt,genetico,7,100007,51,51,8,8,0,1.0,287.0,8,False
mapa2_laberinto.txt,genetico,8,100008,51,51,8,8,0,1.0,285.0,8,False
mapa2_laberinto.txt,genetico,9,100009,50,50,8,8,0,1.0,323.0,8,False
mapa2_laberinto.txt,genetico,10,100010,50,50,8,8,0,1.0,327.0,8,False
mapa2_laberinto.txt,genetico,11,100011,54,54,8,8,0,1.0,289.0,8,False
mapa2_laberinto.txt,genetico,12,100012,51,51,8,8,0,1.0,332.0,8,False
mapa2_laberinto.txt,genetico,13,100013,51,51,8,8,0,1.0,332.0,8,False
mapa2_laberinto.txt,genetico,14,100014,51,51,8,8,0,1.0,331.0,8,False
mapa2_laberinto.txt,genetico,15,100015,49,49,8,8,0,1.0,320.0,8,False
mapa2_laberinto.txt,genetico,16,100016,49,49,8,8,0,1.0,286.0,8,False
mapa2_laberinto.txt,genetico,17,100017,49,49,8,8,0,1.0,286.0,8,False
mapa2_laberinto.txt,genetico,18,100018,51,51,8,8,0,1.0,285.0,8,False
mapa2_laberinto.txt,genetico,19,100019,51,51,8,8,0,1.0,290.0,8,False
mapa2_laberinto.txt,genetico,20,100020,49,49,8,8,0,1.0,295.0,8,False
mapa2_laberinto.txt,genetico,21,100021,54,54,8,8,0,1.0,292.0,8,False
mapa2_laberinto.txt,genetico,22,100022,51,51,8,8,0,1.0,330.0,8,False
mapa2_laberinto.txt,genetico,23,100023,50,50,8,8,0,1.0,287.0,8,False
mapa2_laberinto.txt,genetico,24,100024,54,54,8,8,0,1.0,332.0,8,False
mapa2_laberinto.txt,genetico,25,100025,54,54,8,8,0,1.0,354.0,8,False
mapa2_laberinto.txt,genetico,26,100026,51,51,8,8,0,1.0,322.0,8,False
mapa2_laberinto.txt,genetico,27,100027,50,50,8,8,0,1.0,289.0,8,False
mapa2_laberinto.txt,genetico,28,100028,55,55,8,8,0,1.0,396.0,8,False
mapa2_laberinto.txt,genetico,29,100029,54,54,8,8,0,1.0,349.0,8,False
mapa2_laberinto.txt,genetico,30,100030,50,50,8,8,0,1.0,346.0,8,False
mapa2_laberinto.txt,genetico,31,100031,49,49,8,8,0,1.0,344.0,8,False
mapa2_laberinto.txt,genetico,32,100032,51,51,8,8,0,1.0,291.0,8,False
mapa2_laberinto.txt,genetico,33,100033,55,55,8,8,0,1.0,289.0,8,False
mapa2_laberinto.txt,genetico,34,100034,51,51,8,8,0,1.0,288.0,8,False
mapa2_laberinto.txt,genetico,35,100035,54,54,8,8,0,1.0,290.0,8,False
mapa2_laberinto.txt,genetico,36,100036,51,51,8,8,0,1.0,284.0,8,False
mapa2_laberinto.txt,genetico,37,100037,49,49,8,8,0,1.0,288.0,8,False
mapa2_laberinto.txt,genetico,38,100038,50,50,8,8,0,1.0,295.0,8,False
mapa2_laberinto.txt,genetico,39,100039,54,54,8,8,0,1.0,326.0,8,False
mapa2_laberinto.txt,genetico,40,100040,51,51,8,8,0,1.0,285.0,8,False
mapa2_laberinto.txt,genetico,41,100041,51,51,8,8,0,1.0,334.0,8,False
mapa2_laberinto.txt,genetico,42,100042,49,49,8,8,0,1.0,325.0,8,False
mapa2_laberinto.txt,genetico,43,100043,51,51,8,8,0,1.0,287.0,8,False
mapa2_laberinto.txt,genetico,44,100044,54,54,8,8,0,1.0,296.0,8,False
mapa2_laberinto.txt,genetico,45,100045,49,49,8,8,0,1.0,331.0,8,False
mapa2_laberinto.txt,genetico,46,100046,49,49,8,8,0,1.0,285.0,8,False
mapa2_laberinto.txt,genetico,47,100047,50,50,8,8,0,1.0,288.0,8,False
mapa2_laberinto.txt,genetico,48,100048,49,49,8,8,0,1.0,287.0,8,False
mapa2_laberinto.txt,genetico,49,100049,50,50,8,8,0,1.0,286.0,8,False
mapa2_laberinto.txt,genetico,50,100050,51,51,8,8,0,1.0,289.0,8,False
mapa2_laberinto.txt,genetico,51,100051,51,51,8,8,0,1.0,366.0,8,False
mapa2_laberinto.txt,genetico,52,100052,50,50,8,8,0,1.0,318.0,8,False
mapa2_laberinto.txt,genetico,53,100053,50,50,8,8,0,1.0,329.0,8,False
mapa2_laberinto.txt,genetico,54,100054,54,54,8,8,0,1.0,290.0,8,False
mapa2_laberinto.txt,genetico,55,100055,50,50,8,8,0,1.0,286.0,8,False
mapa2_laberinto.txt,genetico,56,100056,49,49,8,8,0,1.0,287.0,8,False
mapa2_laberinto.txt,genetico,57,100057,50,50,8,8,0,1.0,285.0,8,False
mapa2_laberinto.txt,genetico,58,100058,51,51,8,8,0,1.0,291.0,8,False
mapa2_laberinto.txt,genetico,59,100059,49,49,8,8,0,1.0,287.0,8,False
mapa2_laberinto.txt,genetico,60,100060,50,50,8,8,0,1.0,284.0,8,False
mapa2_laberinto.txt,genetico,61,100061,49,49,8,8,0,1.0,287.0,8,False
mapa2_laberinto.txt,genetico,62,100062,50,50,8,8,0,1.0,328.0,8,False
mapa2_laberinto.txt,genetico,63,100063,49,49,8,8,0,1.0,285.0,8,False
mapa2_laberinto.txt,genetico,64,100064,49,49,8,8,0,1.0,322.0,8,False
mapa2_laberinto.txt,genetico,65,100065,49,49,8,8,0,1.0,378.0,8,False
mapa2_laberinto.txt,genetico,66,100066,49,49,8,8,0,1.0,346.0,8,False
mapa2_laberinto.txt,genetico,67,100067,51,51,8,8,0,1.0,297.0,8,False
mapa2_laberinto.txt,genetico,68,100068,50,50,8,8,0,1.0,288.0,8,False
mapa2_laberinto.txt,genetico,69,100069,49,49,8,8,0,1.0,286.0,8,False
mapa2_laberinto.txt,genetico,70,100070,49,49,8,8,0,1.0,288.0,8,False
mapa2_laberinto.txt,genetico,71,100071,54,54,8,8,0,1.0,328.0,8,False
mapa2_laberinto.txt,genetico,72,100072,55,55,8,8,0,1.0,350.0,8,False
mapa2_laberinto.txt,genetico,73,100073,49,49,8,8,0,1.0,284.0,8,False
mapa2_laberinto.txt,genetico,74,100074,50,50,8,8,0,1.0,365.0,8,False
mapa2_laberinto.txt,genetico,75,100075,49,49,8,8,0,1.0,331.0,8,False
mapa2_laberinto.txt,genetico,76,100076,51,51,8,8,0,1.0,330.0,8,False
mapa2_laberinto.txt,genetico,77,100077,54,54,8,8,0,1.0,353.0,8,False
mapa2_laberinto.txt,genetico,78,100078,51,51,8,8,0,1.0,342.0,8,False
mapa2_laberinto.txt,genetico,79,100079,54,54,8,8,0,1.0,292.0,8,False
mapa2_laberinto.txt,genetico,80,100080,50,50,8,8,0,1.0,286.0,8,False
mapa2_laberinto.txt,genetico,81,100081,51,51,8,8,0,1.0,288.0,8,False
mapa2_laberinto.txt,genetico,82,100082,54,54,8,8,0,1.0,337.0,8,False
mapa2_laberinto.txt,genetico,83,100083,50,50,8,8,0,1.0,286.0,8,False
mapa2_laberinto.txt,genetico,84,100084,51,51,8,8,0,1.0,289.0,8,False
mapa2_laberinto.txt,genetico,85,100085,50,50,8,8,0,1.0,285.0,8,False
mapa2_laberinto.txt,genetico,86,100086,51,51,8,8,0,1.0,350.0,8,False
mapa2_laberinto.txt,genetico,87,100087,51,51,8,8,0,1.0,342.0,8,False
mapa2_laberinto.txt,genetico,88,100088,50,50,8,8,0,1.0,290.0,8,False
mapa2_laberinto.txt,genetico,89,100089,49,49,8,8,0,1.0,358.0,8,False
mapa2_laberinto.txt,genetico,90,100090,49,49,8,8,0,1.0,324.0,8,False
mapa2_laberinto.txt,genetico,91,100091,51,51,8,8,0,1.0,286.0,8,False
mapa2_laberinto.txt,genetico,92,100092,50,50,8,8,0,1.0,320.0,8,False
mapa2_laberinto.txt,genetico,93,100093,55,55,8,8,0,1.0,333.0,8,False
mapa2_laberinto.txt,genetico,94,100094,50,50,8,8,0,1.0,329.0,8,False
mapa2_laberinto.txt,genetico,95,100095,50,50,8,8,0,1.0,288.0,8,False
mapa2_laberinto.txt,genetico,96,100096,49,49,8,8,0,1.0,287.0,8,False
mapa2_laberinto.txt,genetico,97,100097,51,51,8,8,0,1.0,321.0,8,False
mapa2_laberinto.txt,genetico,98,100098,50,50,8,8,0,1.0,338.0,8,False
mapa2_laberinto.txt,genetico,99,100099,49,49,8,8,0,1.0,328.0,8,False
mapa2_laberinto.txt,genetico,100,100100,54,54,8,8,0,1.0,293.0,8,False
mapa2_laberinto.txt,genetico,101,100101,49,49,8,8,0,1.0,285.0,8,False
mapa2_laberinto.txt,genetico,102,100102,49,49,8,8,0,1.0,285.0,8,False
mapa2_laberinto.txt,genetico,103,100103,51,51,8,8,0,1.0,291.0,8,False
mapa2_laberinto.txt,genetico,104,100104,54,54,8,8,0,1.0,322.0,8,False
mapa2_laberinto.txt,genetico,105,100105,51,51,8,8,0,1.0,288.0,8,False
mapa2_laberinto.txt,genetico,106,100106,51,51,8,8,0,1.0,320.0,8,False
mapa2_laberinto.txt,genetico,107,100107,49,49,8,8,0,1.0,288.0,8,False
mapa2_laberinto.txt,genetico,108,100108,50,50,8,8,0,1.0,287.0,8,False
mapa2_laberinto.txt,genetico,109,100109,53,53,8,8,0,1.0,296.0,8,False
mapa2_laberinto.txt,genetico,110,100110,50,50,8,8,0,1.0,347.0,8,False
mapa2_laberinto.txt,genetico,111,100111,51,51,8,8,0,1.0,333.0,8,False
mapa2_laberinto.txt,genetico,112,100112,49,49,8,8,0,1.0,369.0,8,False
mapa2_laberinto.txt,genetico,113,100113,50,50,8,8,0,1.0,286.0,8,False
mapa2_laberinto.txt,genetico,114,100114,50,50,8,8,0,1.0,334.0,8,False
mapa2_laberinto.txt,genetico,115,100115,51,51,8,8,0,1.0,286.0,8,False
mapa2_laberinto.txt,genetico,116,100116,50,50,8,8,0,1.0,285.0,8,False
mapa2_laberinto.txt,genetico,117,100117,54,54,8,8,0,1.0,332.0,8,False
mapa2_laberinto.txt,genetico,118,100118,49,49,8,8,0,1.0,323.0,8,False
mapa2_laberinto.txt,genetico,119,100119,49,49,8,8,0,1.0,379.0,8,False
mapa2_laberinto.txt,genetico,120,100120,50,50,8,8,0,1.0,328.0,8,False
mapa2_laberinto.txt,genetico,121,100121,51,51,8,8,0,1.0,286.0,8,False
mapa2_laberinto.txt,genetico,122,100122,54,54,8,8,0,1.0,288.0,8,False
mapa2_laberinto.txt,genetico,123,100123,50,50,8,8,0,1.0,329.0,8,False
mapa2_laberinto.txt,genetico,124,100124,51,51,8,8,0,1.0,287.0,8,False
mapa2_laberinto.txt,genetico,125,100125,51,51,8,8,0,1.0,330.0,8,False
mapa2_laberinto.txt,genetico,126,100126,50,50,8,8,0,1.0,290.0,8,False
mapa2_laberinto.txt,genetico,127,100127,50,50,8,8,0,1.0,287.0,8,False
mapa2_laberinto.txt,genetico,128,100128,55,55,8,8,0,1.0,292.0,8,False
mapa2_laberinto.txt,genetico,129,100129,50,50,8,8,0,1.0,284.0,8,False
mapa2_laberinto.txt,genetico,130,100130,51,51,8,8,0,1.0,286.0,8,False
mapa2_laberinto.txt,genetico,131,100131,49,49,8,8,0,1.0,289.0,8,False
mapa2_laberinto.txt,genetico,132,100132,50,50,8,8,0,1.0,332.0,8,False
mapa2_laberinto.txt,genetico,133,100133,51,51,8,8,0,1.0,285.0,8,False
mapa2_laberinto.txt,genetico,134,100134,49,49,8,8,0,1.0,330.0,8,False
mapa2_laberinto.txt,genetico,135,100135,50,50,8,8,0,1.0,290.0,8,False
mapa2_laberinto.txt,genetico,136,100136,51,51,8,8,0,1.0,342.0,8,False
mapa2_laberinto.txt,genetico,137,100137,49,49,8,8,0,1.0,330.0,8,False
mapa2_laberinto.txt,genetico,138,100138,49,49,8,8,0,1.0,289.0,8,False
mapa2_laberinto.txt,genetico,139,100139,54,54,8,8,0,1.0,328.0,8,False
mapa2_laberinto.txt,genetico,140,100140,50,50,8,8,0,1.0,344.0,8,False
mapa2_laberinto.txt,genetico,141,100141,53,53,8,8,0,1.0,290.0,8,False
mapa2_laberinto.txt,genetico,142,100142,49,49,8,8,0,1.0,287.0,8,False
mapa2_laberinto.txt,genetico,143,100143,49,49,8,8,0,1.0,328.0,8,False
mapa2_laberinto.txt,genetico,144,100144,50,50,8,8,0,1.0,289.0,8,False
mapa2_laberinto.txt,genetico,145,100145,51,51,8,8,0,1.0,286.0,8,False
mapa2_laberinto.txt,genetico,146,100146,54,54,8,8,0,1.0,299.0,8,False
mapa2_laberinto.txt,genetico,147,100147,50,50,8,8,0,1.0,288.0,8,False
mapa2_laberinto.txt,genetico,148,100148,50,50,8,8,0,1.0,326.0,8,False
mapa2_laberinto.txt,genetico,149,100149,49,49,8,8,0,1.0,287.0,8,False
mapa2_laberinto.txt,genetico,150,100150,49,49,8,8,0,1.0,282.0,8,False
mapa2_laberinto.txt,genetico,151,100151,51,51,8,8,0,1.0,342.0,8,False
mapa2_laberinto.txt,genetico,152,100152,53,53,8,8,0,1.0,375.0,8,False
mapa2_laberinto.txt,genetico,153,100153,51,51,8,8,0,1.0,289.0,8,False
mapa2_laberinto.txt,genetico,154,100154,49,49,8,8,0,1.0,283.0,8,False
mapa2_laberinto.txt,genetico,155,100155,54,54,8,8,0,1.0,292.0,8,False
mapa2_laberinto.txt,genetico,156,100156,55,55,8,8,0,1.0,355.0,8,False
mapa2_laberinto.txt,genetico,157,100157,54,54,8,8,0,1.0,287.0,8,False
mapa2_laberinto.txt,genetico,158,100158,49,49,8,8,0,1.0,327.0,8,False
mapa2_laberinto.txt,genetico,159,100159,50,50,8,8,0,1.0,287.0,8,False
mapa2_laberinto.txt,genetico,160,100160,49,49,8,8,0,1.0,285.0,8,False
mapa2_laberinto.txt,genetico,161,100161,51,51,8,8,0,1.0,291.0,8,False
mapa2_laberinto.txt,genetico,162,100162,49,49,8,8,0,1.0,287.0,8,False
mapa2_laberinto.txt,genetico,163,100163,51,51,8,8,0,1.0,326.0,8,False
mapa2_laberinto.txt,genetico,164,100164,50,50,8,8,0,1.0,290.0,8,False
mapa2_laberinto.txt,genetico,165,100165,49,49,8,8,0,1.0,288.0,8,False
mapa2_laberinto.txt,genetico,166,100166,51,51,8,8,0,1.0,289.0,8,False
mapa2_laberinto.txt,genetico,167,100167,49,49,8,8,0,1.0,285.0,8,False
mapa2_laberinto.txt,genetico,168,100168,51,51,8,8,0,1.0,286.0,8,False
mapa2_laberinto.txt,genetico,169,100169,50,50,8,8,0,1.0,349.0,8,False
mapa2_laberinto.txt,genetico,170,100170,51,51,8,8,0,1.0,321.0,8,False
mapa2_laberinto.txt,genetico,171,100171,49,49,8,8,0,1.0,330.0,8,False
mapa2_laberinto.txt,genetico,172,100172,50,50,8,8,0,1.0,326.0,8,False
mapa2_laberinto.txt,genetico,173,100173,51,51,8,8,0,1.0,286.0,8,False
mapa2_laberinto.txt,genetico,174,100174,51,51,8,8,0,1.0,286.0,8,False
mapa2_laberinto.txt,genetico,175,100175,50,50,8,8,0,1.0,285.0,8,False
mapa2_laberinto.txt,genetico,176,100176,54,54,8,8,0,1.0,294.0,8,False
mapa2_laberinto.txt,genetico,177,100177,50,50,8,8,0,1.0,329.0,8,False
mapa2_laberinto.txt,genetico,178,100178,54,54,8,8,0,1.0,288.0,8,False
mapa2_laberinto.txt,genetico,179,100179,55,55,8,8,0,1.0,329.0,8,False
mapa2_laberinto.txt,genetico,180,100180,55,55,8,8,0,1.0,290.0,8,False
mapa2_laberinto.txt,genetico,181,100181,51,51,8,8,0,1.0,289.0,8,False
mapa2_laberinto.txt,genetico,182,100182,54,54,8,8,0,1.0,334.0,8,False
mapa2_laberinto.txt,genetico,183,100183,50,50,8,8,0,1.0,293.0,8,False
mapa2_laberinto.txt,genetico,184,100184,50,50,8,8,0,1.0,350.0,8,False
mapa2_laberinto.txt,genetico,185,100185,54,54,8,8,0,1.0,332.0,8,False
mapa2_laberinto.txt,genetico,186,100186,51,51,8,8,0,1.0,283.0,8,False
mapa2_laberinto.txt,genetico,187,100187,51,51,8,8,0,1.0,350.0,8,False
mapa2_laberinto.txt,genetico,188,100188,54,54,8,8,0,1.0,335.0,8,False
mapa2_laberinto.txt,genetico,189,100189,50,50,8,8,0,1.0,329.0,8,False
mapa2_laberinto.txt,genetico,190,100190,49,49,8,8,0,1.0,285.0,8,False
mapa2_laberinto.txt,genetico,191,100191,49,49,8,8,0,1.0,289.0,8,False
mapa2_laberinto.txt,genetico,192,100192,49,49,8,8,0,1.0,285.0,8,False
mapa2_laberinto.txt,genetico,193,100193,51,51,8,8,0,1.0,284.0,8,False
mapa2_laberinto.txt,genetico,194,100194,49,49,8,8,0,1.0,287.0,8,False
mapa2_laberinto.txt,genetico,195,100195,51,51,8,8,0,1.0,323.0,8,False
mapa2_laberinto.txt,genetico,196,100196,50,50,8,8,0,1.0,327.0,8,False
mapa2_laberinto.txt,genetico,197,100197,50,50,8,8,0,1.0,289.0,8,False
mapa2_laberinto.txt,genetico,198,100198,49,49,8,8,0,1.0,330.0,8,False
mapa2_laberinto.txt,genetico,199,100199,54,54,8,8,0,1.0,296.0,8,False
mapa3_abierto.txt,bfs,0,200000,49,24,9,5,4,0.5555555555555556,241.0,52,False
mapa3_abierto.txt,bfs,1,200001,37,25,9,6,3,0.6666666666666666,198.0,37,False
mapa3_abierto.txt,bfs,2,200002,23,23,9,7,2,0.7777777777777778,158.0,14,False
mapa3_abierto.txt,bfs,3,200003,43,25,9,5,4,0.5555555555555556,189.0,30,False
mapa3_abierto.txt,bfs,4,200004,40,25,9,5,4,0.5555555555555556,187.0,37,False
mapa3_abierto.txt,bfs,5,200005,31,25,9,8,1,0.8888888888888888,176.0,15,False
mapa3_abierto.txt,bfs,6,200006,23,23,9,4,5,0.4444444444444444,149.0,14,False
mapa3_abierto.txt,bfs,7,200007,43,23,9,7,2,0.7777777777777778,226.0,53,False
mapa3_abierto.txt,bfs,8,200008,25,25,9,6,3,0.6666666666666666,171.0,13,False
mapa3_abierto.txt,bfs,9,200009,46,23,9,4,5,0.4444444444444444,183.0,40,False
mapa3_abierto.txt,bfs,10,200010,49,25,9,8,1,0.8888888888888888,192.0,35,False
mapa3_abierto.txt,bfs,11,200011,24,24,9,6,3,0.6666666666666666,144.0,12,False
mapa3_abierto.txt,bfs,12,200012,37,25,9,5,4,0.5555555555555556,165.0,25,False
mapa3_abierto.txt,bfs,13,200013,37,25,9,6,3,0.6666666666666666,176.0,27,False
mapa3_abierto.txt,bfs,14,200014,43,25,9,5,4,0.5555555555555556,213.0,49,False
mapa3_abierto.txt,bfs,15,200015,52,25,9,5,4,0.5555555555555556,180.0,39,False
mapa3_abierto.txt,bfs,16,200016,25,25,9,7,2,0.7777777777777778,165.0,11,False
mapa3_abierto.txt,bfs,17,200017,52,25,9,5,4,0.5555555555555556,204.0,51,False
mapa3_abierto.txt,bfs,18,200018,43,24,9,6,3,0.6666666666666666,171.0,27,False
mapa3_abierto.txt,bfs,19,200019,25,25,9,7,2,0.7777777777777778,151.0,11,False
mapa3_abierto.txt,bfs,20,200020,37,23,9,7,2,0.7777777777777778,173.0,27,False
mapa3_abierto.txt,bfs,21,200021,23,23,9,7,2,0.7777777777777778,170.0,15,False
mapa3_abierto.txt,bfs,22,200022,46,25,9,7,2,0.7777777777777778,207.0,46,False
mapa3_abierto.txt,bfs,23,200023,28,23,9,7,2,0.7777777777777778,173.0,13,False
mapa3_abierto.txt,bfs,24,200024,37,23,9,5,4,0.5555555555555556,163.0,26,False
mapa3_abierto.txt,bfs,25,200025,55,24,9,5,4,0.5555555555555556,208.0,58,False
mapa3_abierto.txt,bfs,26,200026,52,23,9,5,4,0.5555555555555556,170.0,37,False
mapa3_abierto.txt,bfs,27,200027,43,23,9,5,4,0.5555555555555556,175.0,24,False
mapa3_abierto.txt,bfs,28,200028,34,25,9,6,3,0.6666666666666666,171.0,24,False
mapa3_abierto.txt,bfs,29,200029,37,23,9,6,3,0.6666666666666666,163.0,24,False
mapa3_abierto.txt,bfs,30,200030,46,23,9,6,3,0.6666666666666666,197.0,42,False
mapa3_abierto.txt,bfs,31,200031,43,27,9,7,2,0.7777777777777778,234.0,49,False
mapa3_abierto.txt,bfs,32,200032,49,24,9,6,3,0.6666666666666666,178.0,38,False
mapa3_abierto.txt,bfs,33,200033,37,25,9,5,4,0.5555555555555556,158.0,23,False
mapa3_abierto.txt,bfs,34,200034,43,24,9,8,1,0.8888888888888888,187.0,27,False
mapa3_abierto.txt,bfs,35,200035,46,25,9,7,2,0.7777777777777778,182.0,28,False
mapa3_abierto.txt,bfs,36,200036,23,23,9,8,1,0.8888888888888888,163.0,11,False
mapa3_abierto.txt,bfs,37,200037,28,25,9,6,3,0.6666666666666666,161.0,13,False
mapa3_abierto.txt,bfs,38,200038,25,25,9,5,4,0.5555555555555556,147.0,11,False
mapa3_abierto.txt,bfs,39,200039,25,25,9,7,2,0.7777777777777778,158.0,11,False
mapa3_abierto.txt,bfs,40,200040,25,25,9,5,4,0.5555555555555556,158.0,18,False
mapa3_abierto.txt,bfs,41,200041,24,24,9,6,3,0.6666666666666666,157.0,15,False
mapa3_abierto.txt,bfs,42,200042,37,24,9,7,2,0.7777777777777778,198.0,30,False
mapa3_abierto.txt,bfs,43,200043,23,23,9,7,2,0.7777777777777778,161.0,12,False
mapa3_abierto.txt,bfs,44,200044,43,23,9,6,3,0.6666666666666666,166.0,31,False
mapa3_abierto.txt,bfs,45,200045,43,24,9,6,3,0.6666666666666666,169.0,27,False
mapa3_abierto.txt,bfs,46,200046,25,25,9,6,3,0.6666666666666666,159.0,15,False
mapa3_abierto.txt,bfs,47,200047,43,23,9,5,4,0.5555555555555556,185.0,28,False
mapa3_abierto.txt,bfs,48,200048,49,25,9,6,3,0.6666666666666666,183.0,36,False
mapa3_abierto.txt,bfs,49,200049,24,24,9,5,4,0.5555555555555556,153.0,12,False
mapa3_abierto.txt,bfs,50,200050,23,23,9,8,1,0.8888888888888888,161.0,12,False
mapa3_abierto.txt,bfs,51,200051,28,23,9,6,3,0.6666666666666666,177.0,15,False
mapa3_abierto.txt,bfs,52,200052,34,23,9,7,2,0.7777777777777778,168.0,22,False
mapa3_abierto.txt,bfs,53,200053,37,25,9,6,3,0.6666666666666666,171.0,30,False
mapa3_abierto.txt,bfs,54,200054,43,23,9,6,3,0.6666666666666666,178.0,30,False
mapa3_abierto.txt,bfs,55,200055,46,24,9,6,3,0.6666666666666666,212.0,29,False
mapa3_abierto.txt,bfs,56,200056,24,24,9,5,4,0.5555555555555556,140.0,11,False
mapa3_abierto.txt,bfs,57,200057,25,25,9,7,2,0.7777777777777778,158.0,14,False
mapa3_abierto.txt,bfs,58,200058,34,25,9,5,4,0.5555555555555556,167.0,20,False
mapa3_abierto.txt,bfs,59,200059,24,24,9,7,2,0.7777777777777778,151.0,14,False
mapa3_abierto.txt,bfs,60,200060,31,25,9,5,4,0.5555555555555556,182.0,24,False
mapa3_abierto.txt,bfs,61,200061,46,25,9,8,1,0.8888888888888888,189.0,32,False
mapa3_abierto.txt,bfs,62,200062,49,24,9,6,3,0.6666666666666666,190.0,36,False
mapa3_abierto.txt,bfs,63,200063,24,24,9,7,2,0.7777777777777778,151.0,12,False
mapa3_abierto.txt,bfs,64,200064,25,25,9,7,2,0.7777777777777778,185.0,16,False
mapa3_abierto.txt,bfs,65,200065,40,25,9,7,2,0.7777777777777778,181.0,27,False
mapa3_abierto.txt,bfs,66,200066,46,25,9,6,3,0.6666666666666666,195.0,38,False
mapa3_abierto.txt,bfs,67,200067,23,23,9,8,1,0.8888888888888888,173.0,9,False
mapa3_abierto.txt,bfs,68,200068,43,25,9,7,2,0.7777777777777778,183.0,26,False
mapa3_abierto.txt,bfs,69,200069,40,25,9,6,3,0.6666666666666666,185.0,30,False
mapa3_abierto.txt,bfs,70,200070,46,23,9,6,3,0.6666666666666666,171.0,31,False
mapa3_abierto.txt,bfs,71,200071,28,25,9,7,2,0.7777777777777778,183.0,15,False
mapa3_abierto.txt,bfs,72,200072,46,24,9,5,4,0.5555555555555556,197.0,44,False
mapa3_abierto.txt,bfs,73,200073,37,25,9,5,4,0.5555555555555556,171.0,31,False
mapa3_abierto.txt,bfs,74,200074,25,25,9,6,3,0.6666666666666666,141.0,10,False
mapa3_abierto.txt,bfs,75,200075,31,24,9,7,2,0.7777777777777778,171.0,18,False
mapa3_abierto.txt,bfs,76,200076,46,24,9,6,3,0.6666666666666666,179.0,34,False
mapa3_abierto.txt,bfs,77,200077,46,25,9,6,3,0.6666666666666666,213.0,53,False
mapa3_abierto.txt,bfs,78,200078,25,23,9,6,3,0.6666666666666666,163.0,18,False
mapa3_abierto.txt,bfs,79,200079,23,23,9,8,1,0.8888888888888888,165.0,13,False
mapa3_abierto.txt,bfs,80,200080,24,24,9,6,3,0.6666666666666666,163.0,13,False
mapa3_abierto.txt,bfs,81,200081,34,24,9,6,3,0.6666666666666666,174.0,16,False
mapa3_abierto.txt,bfs,82,200082,37,24,9,6,3,0.6666666666666666,185.0,41,False
mapa3_abierto.txt,bfs,83,200083,55,23,9,5,4,0.5555555555555556,227.0,62,False
mapa3_abierto.txt,bfs,84,200084,43,23,9,6,3,0.6666666666666666,192.0,25,False
mapa3_abierto.txt,bfs,85,200085,25,25,9,5,4,0.5555555555555556,138.0,11,False
mapa3_abierto.txt,bfs,86,200086,40,25,9,6,3,0.6666666666666666,206.0,32,False
mapa3_abierto.txt,bfs,87,200087,49,24,9,5,4,0.5555555555555556,202.0,55,False
mapa3_abierto.txt,bfs,88,200088,25,25,9,7,2,0.7777777777777778,163.0,13,False
mapa3_abierto.txt,bfs,89,200089,25,25,9,7,2,0.7777777777777778,158.0,12,False
mapa3_abierto.txt,bfs,90,200090,43,23,9,8,1,0.8888888888888888,180.0,24,False
mapa3_abierto.txt,bfs,91,200091,25,25,9,7,2,0.7777777777777778,163.0,13,False
mapa3_abierto.txt,bfs,92,200092,40,24,9,5,4,0.5555555555555556,181.0,34,False
mapa3_abierto.txt,bfs,93,200093,34,25,9,6,3,0.6666666666666666,166.0,20,False
mapa3_abierto.txt,bfs,94,200094,34,25,9,7,2,0.7777777777777778,170.0,22,False
mapa3_abierto.txt,bfs,95,200095,46,25,9,6,3,0.6666666666666666,209.0,42,False
mapa3_abierto.txt,bfs,96,200096,46,25,9,6,3,0.6666666666666666,213.0,35,False
mapa3_abierto.txt,bfs,97,200097,43,25,9,5,4,0.5555555555555556,254.0,69,False
mapa3_abierto.txt,bfs,98,200098,25,25,9,5,4,0.5555555555555556,164.0,12,False
mapa3_abierto.txt,bfs,99,200099,24,24,9,6,3,0.6666666666666666,152.0,11,False
mapa3_abierto.txt,bfs,100,200100,46,25,9,5,4,0.5555555555555556,175.0,34,False
mapa3_abierto.txt,bfs,101,200101,34,24,9,5,4,0.5555555555555556,158.0,23,False
mapa3_abierto.txt,bfs,102,200102,52,24,9,6,3,0.6666666666666666,199.0,38,False
mapa3_abierto.txt,bfs,103,200103,40,23,9,5,4,0.5555555555555556,193.0,42,False
mapa3_abierto.txt,bfs,104,200104,34,23,9,6,3,0.6666666666666666,164.0,19,False
mapa3_abierto.txt,bfs,105,200105,31,25,9,7,2,0.7777777777777778,173.0,15,False
mapa3_abierto.txt,bfs,106,200106,28,24,9,6,3,0.6666666666666666,232.0,22,False
mapa3_abierto.txt,bfs,107,200107,24,24,9,8,1,0.8888888888888888,180.0,11,False
mapa3_abierto.txt,bfs,108,200108,46,25,9,6,3,0.6666666666666666,209.0,48,False
mapa3_abierto.txt,bfs,109,200109,23,23,9,8,1,0.8888888888888888,162.0,11,False
mapa3_abierto.txt,bfs,110,200110,25,25,9,7,2,0.7777777777777778,168.0,12,False
mapa3_abierto.txt,bfs,111,200111,46,23,9,5,4,0.5555555555555556,170.0,33,False
mapa3_abierto.txt,bfs,112,200112,37,25,9,5,4,0.5555555555555556,173.0,17,False
mapa3_abierto.txt,bfs,113,200113,46,25,9,5,4,0.5555555555555556,190.0,47,False
mapa3_abierto.txt,bfs,114,200114,23,23,9,5,4,0.5555555555555556,149.0,15,False
mapa3_abierto.txt,bfs,115,200115,23,23,9,8,1,0.8888888888888888,157.0,9,False
mapa3_abierto.txt,bfs,116,200116,23,23,9,8,1,0.8888888888888888,159.0,12,False
mapa3_abierto.txt,bfs,117,200117,52,25,9,5,4,0.5555555555555556,181.0,39,False
mapa3_abierto.txt,bfs,118,200118,49,24,9,6,3,0.6666666666666666,176.0,34,False
mapa3_abierto.txt,bfs,119,200119,24,24,9,4,5,0.4444444444444444,161.0,16,False
mapa3_abierto.txt,bfs,120,200120,24,24,9,7,2,0.7777777777777778,149.0,11,False
mapa3_abierto.txt,bfs,121,200121,43,25,9,7,2,0.7777777777777778,186.0,28,False
mapa3_abierto.txt,bfs,122,200122,25,25,9,6,3,0.6666666666666666,154.0,13,False
mapa3_abierto.txt,bfs,123,200123,34,25,9,6,3,0.6666666666666666,170.0,23,False
mapa3_abierto.txt,bfs,124,200124,46,25,9,5,4,0.5555555555555556,199.0,36,False
mapa3_abierto.txt,bfs,125,200125,40,23,9,6,3,0.6666666666666666,189.0,30,False
mapa3_abierto.txt,bfs,126,200126,24,24,9,6,3,0.6666666666666666,152.0,13,False
mapa3_abierto.txt,bfs,127,200127,46,25,9,5,4,0.5555555555555556,177.0,31,False
mapa3_abierto.txt,bfs,128,200128,40,24,9,8,1,0.8888888888888888,193.0,26,False
mapa3_abierto.txt,bfs,129,200129,23,23,9,7,2,0.7777777777777778,170.0,12,False
mapa3_abierto.txt,bfs,130,200130,40,24,9,7,2,0.7777777777777778,184.0,23,False
mapa3_abierto.txt,bfs,131,200131,43,23,9,7,2,0.7777777777777778,192.0,31,False
mapa3_abierto.txt,bfs,132,200132,40,24,9,6,3,0.6666666666666666,180.0,24,False
mapa3_abierto.txt,bfs,133,200133,37,25,9,6,3,0.6666666666666666,192.0,27,False
mapa3_abierto.txt,bfs,134,200134,28,25,9,7,2,0.7777777777777778,161.0,13,False
mapa3_abierto.txt,bfs,135,200135,40,24,9,7,2,0.7777777777777778,193.0,39,False
mapa3_abierto.txt,bfs,136,200136,49,25,9,8,1,0.8888888888888888,189.0,31,False
mapa3_abierto.txt,bfs,137,200137,34,23,9,7,2,0.7777777777777778,174.0,20,False
mapa3_abierto.txt,bfs,138,200138,25,25,9,6,3,0.6666666666666666,175.0,14,False
mapa3_abierto.txt,bfs,139,200139,49,23,9,6,3,0.6666666666666666,182.0,37,False
mapa3_abierto.txt,bfs,140,200140,23,23,9,7,2,0.7777777777777778,160.0,12,False
mapa3_abierto.txt,bfs,141,200141,23,23,9,6,3,0.6666666666666666,154.0,10,False
mapa3_abierto.txt,bfs,142,200142,34,24,9,6,3,0.6666666666666666,186.0,29,False
mapa3_abierto.txt,bfs,143,200143,37,23,9,7,2,0.7777777777777778,171.0,25,False
mapa3_abierto.txt,bfs,144,200144,23,23,9,6,3,0.6666666666666666,148.0,10,False
mapa3_abierto.txt,bfs,145,200145,25,25,9,6,3,0.6666666666666666,168.0,17,False
mapa3_abierto.txt,bfs,146,200146,46,25,9,5,4,0.5555555555555556,182.0,32,False
mapa3_abierto.txt,bfs,147,200147,23,23,9,7,2,0.7777777777777778,167.0,17,False
mapa3_abierto.txt,bfs,148,200148,25,25,9,6,3,0.6666666666666666,150.0,13,False
mapa3_abierto.txt,bfs,149,200149,23,23,9,8,1,0.8888888888888888,161.0,12,False
mapa3_abierto.txt,bfs,150,200150,43,23,9,6,3,0.6666666666666666,182.0,34,False
mapa3_abierto.txt,bfs,151,200151,46,23,9,7,2,0.7777777777777778,197.0,44,False
mapa3_abierto.txt,bfs,152,200152,24,24,9,6,3,0.6666666666666666,152.0,9,False
mapa3_abierto.txt,bfs,153,200153,23,23,9,6,3,0.6666666666666666,149.0,14,False
mapa3_abierto.txt,bfs,154,200154,24,24,9,8,1,0.8888888888888888,157.0,9,False
mapa3_abierto.txt,bfs,155,200155,46,25,9,6,3,0.6666666666666666,188.0,34,False
mapa3_abierto.txt,bfs,156,200156,43,25,9,5,4,0.5555555555555556,163.0,31,False
mapa3_abierto.txt,bfs,157,200157,40,25,9,6,3,0.6666666666666666,192.0,35,False
mapa3_abierto.txt,bfs,158,200158,43,24,9,6,3,0.6666666666666666,177.0,34,False
mapa3_abierto.txt,bfs,159,200159,46,23,9,7,2,0.7777777777777778,186.0,32,False
mapa3_abierto.txt,bfs,160,200160,46,23,9,5,4,0.5555555555555556,196.0,49,False
mapa3_abierto.txt,bfs,161,200161,40,24,9,5,4,0.5555555555555556,189.0,35,False
mapa3_abierto.txt,bfs,162,200162,34,23,9,7,2,0.7777777777777778,176.0,20,False
mapa3_abierto.txt,bfs,163,200163,28,25,9,6,3,0.6666666666666666,187.0,23,False
mapa3_abierto.txt,bfs,164,200164,49,24,9,5,4,0.5555555555555556,203.0,50,False
mapa3_abierto.txt,bfs,165,200165,46,24,9,4,5,0.4444444444444444,175.0,41,False
mapa3_abierto.txt,bfs,166,200166,49,23,9,7,2,0.7777777777777778,215.0,44,False
mapa3_abierto.txt,bfs,167,200167,49,25,9,6,3,0.6666666666666666,191.0,36,False
mapa3_abierto.txt,bfs,168,200168,40,23,9,5,4,0.5555555555555556,182.0,27,False
mapa3_abierto.txt,bfs,169,200169,34,23,9,7,2,0.7777777777777778,166.0,22,False
mapa3_abierto.txt,bfs,170,200170,25,25,9,6,3,0.6666666666666666,180.0,18,False
mapa3_abierto.txt,bfs,171,200171,52,25,9,6,3,0.6666666666666666,185.0,39,False
mapa3_abierto.txt,bfs,172,200172,40,25,9,6,3,0.6666666666666666,259.0,56,False
mapa3_abierto.txt,bfs,173,200173,46,25,9,7,2,0.7777777777777778,185.0,28,False
mapa3_abierto.txt,bfs,174,200174,46,23,9,5,4,0.5555555555555556,217.0,53,False
mapa3_abierto.txt,bfs,175,200175,37,25,9,6,3,0.6666666666666666,162.0,25,False
mapa3_abierto.txt,bfs,176,200176,31,23,9,6,3,0.6666666666666666,189.0,28,False
mapa3_abierto.txt,bfs,177,200177,25,25,9,6,3,0.6666666666666666,151.0,15,False
mapa3_abierto.txt,bfs,178,200178,31,23,9,7,2,0.7777777777777778,164.0,20,False
mapa3_abierto.txt,bfs,179,200179,40,23,9,5,4,0.5555555555555556,174.0,27,False
mapa3_abierto.txt,bfs,180,200180,43,24,9,5,4,0.5555555555555556,166.0,31,False
mapa3_abierto.txt,bfs,181,200181,37,23,9,7,2,0.7777777777777778,189.0,30,False
mapa3_abierto.txt,bfs,182,200182,37,25,9,6,3,0.6666666666666666,163.0,29,False
mapa3_abierto.txt,bfs,183,200183,25,25,9,6,3,0.6666666666666666,155.0,12,False
mapa3_abierto.txt,bfs,184,200184,23,23,9,6,3,0.6666666666666666,145.0,9,False
mapa3_abierto.txt,bfs,185,200185,37,25,9,7,2,0.7777777777777778,174.0,28,False
mapa3_abierto.txt,bfs,186,200186,43,24,9,6,3,0.6666666666666666,192.0,34,False
mapa3_abierto.txt,bfs,187,200187,37,23,9,5,4,0.5555555555555556,178.0,33,False
mapa3_abierto.txt,bfs,188,200188,43,24,9,8,1,0.8888888888888888,188.0,28,False
mapa3_abierto.txt,bfs,189,200189,24,24,9,7,2,0.7777777777777778,153.0,13,False
mapa3_abierto.txt,bfs,190,200190,25,24,9,6,3,0.6666666666666666,152.0,11,False
mapa3_abierto.txt,bfs,191,200191,52,25,9,5,4,0.5555555555555556,203.0,57,False
mapa3_abierto.txt,bfs,192,200192,24,24,9,8,1,0.8888888888888888,163.0,12,False
mapa3_abierto.txt,bfs,193,200193,25,24,9,6,3,0.6666666666666666,171.0,17,False
mapa3_abierto.txt,bfs,194,200194,34,23,9,6,3,0.6666666666666666,162.0,23,False
mapa3_abierto.txt,bfs,195,200195,23,23,9,6,3,0.6666666666666666,154.0,11,False
mapa3_abierto.txt,bfs,196,200196,31,25,9,7,2,0.7777777777777778,176.0,18,False
mapa3_abierto.txt,bfs,197,200197,24,24,9,6,3,0.6666666666666666,175.0,17,False
mapa3_abierto.txt,bfs,198,200198,52,23,9,5,4,0.5555555555555556,186.0,40,False
mapa3_abierto.txt,bfs,199,200199,49,25,9,5,4,0.5555555555555556,197.0,59,False
mapa3_abierto.txt,ucs,0,200000,37,24,9,5,4,0.5555555555555556,219.0,28,False
mapa3_abierto.txt,ucs,1,200001,37,25,9,6,3,0.6666666666666666,195.0,34,False
mapa3_abierto.txt,ucs,2,200002,37,23,9,7,2,0.7777777777777778,176.0,26,False
mapa3_abierto.txt,ucs,3,200003,40,25,9,5,4,0.5555555555555556,243.0,44,False
mapa3_abierto.txt,ucs,4,200004,25,25,9,5,4,0.5555555555555556,157.0,17,False
mapa3_abierto.txt,ucs,5,200005,31,25,9,8,1,0.8888888888888888,176.0,15,False
mapa3_abierto.txt,ucs,6,200006,37,23,9,4,5,0.4444444444444444,173.0,22,False
mapa3_abierto.txt,ucs,7,200007,43,23,9,7,2,0.7777777777777778,224.0,54,False
mapa3_abierto.txt,ucs,8,200008,37,25,9,6,3,0.6666666666666666,189.0,23,False
mapa3_abierto.txt,ucs,9,200009,43,23,9,4,5,0.4444444444444444,222.0,53,False
mapa3_abierto.txt,ucs,10,200010,31,25,9,8,1,0.8888888888888888,174.0,19,False
mapa3_abierto.txt,ucs,11,200011,24,24,9,6,3,0.6666666666666666,144.0,12,False
mapa3_abierto.txt,ucs,12,200012,31,25,9,6,3,0.6666666666666666,161.0,20,False
mapa3_abierto.txt,ucs,13,200013,37,25,9,6,3,0.6666666666666666,179.0,28,False
mapa3_abierto.txt,ucs,14,200014,43,25,9,5,4,0.5555555555555556,215.0,49,False
mapa3_abierto.txt,ucs,15,200015,37,25,9,5,4,0.5555555555555556,177.0,28,False
mapa3_abierto.txt,ucs,16,200016,25,25,9,7,2,0.7777777777777778,165.0,11,False
mapa3_abierto.txt,ucs,17,200017,37,25,9,5,4,0.5555555555555556,177.0,24,False
mapa3_abierto.txt,ucs,18,200018,43,24,9,6,3,0.6666666666666666,171.0,27,False
mapa3_abierto.txt,ucs,19,200019,25,25,9,8,1,0.8888888888888888,175.0,11,False
mapa3_abierto.txt,ucs,20,200020,37,23,9,7,2,0.7777777777777778,213.0,38,False
mapa3_abierto.txt,ucs,21,200021,23,23,9,6,3,0.6666666666666666,161.0,13,False
mapa3_abierto.txt,ucs,22,200022,40,25,9,7,2,0.7777777777777778,192.0,31,False
mapa3_abierto.txt,ucs,23,200023,28,23,9,7,2,0.7777777777777778,173.0,13,False
mapa3_abierto.txt,ucs,24,200024,43,23,9,5,4,0.5555555555555556,169.0,32,False
mapa3_abierto.txt,ucs,25,200025,31,24,9,5,4,0.5555555555555556,172.0,24,False
mapa3_abierto.txt,ucs,26,200026,34,23,9,5,4,0.5555555555555556,152.0,19,False
mapa3_abierto.txt,ucs,27,200027,28,23,9,5,4,0.5555555555555556,160.0,13,False
mapa3_abierto.txt,ucs,28,200028,37,25,9,6,3,0.6666666666666666,177.0,28,False
mapa3_abierto.txt,ucs,29,200029,37,23,9,6,3,0.6666666666666666,163.0,24,False
mapa3_abierto.txt,ucs,30,200030,37,23,9,6,3,0.6666666666666666,185.0,31,False
mapa3_abierto.txt,ucs,31,200031,34,23,9,7,2,0.7777777777777778,198.0,27,False
mapa3_abierto.txt,ucs,32,200032,31,24,9,7,2,0.7777777777777778,168.0,21,False
mapa3_abierto.txt,ucs,33,200033,34,25,9,5,4,0.5555555555555556,164.0,23,False
mapa3_abierto.txt,ucs,34,200034,43,24,9,8,1,0.8888888888888888,187.0,27,False
mapa3_abierto.txt,ucs,35,200035,34,25,9,7,2,0.7777777777777778,170.0,16,False
mapa3_abierto.txt,ucs,36,200036,23,23,9,8,1,0.8888888888888888,163.0,11,False
mapa3_abierto.txt,ucs,37,200037,43,25,9,6,3,0.6666666666666666,176.0,26,False
mapa3_abierto.txt,ucs,38,200038,25,25,9,5,4,0.5555555555555556,147.0,11,False
mapa3_abierto.txt,ucs,39,200039,25,25,9,7,2,0.7777777777777778,158.0,11,False
mapa3_abierto.txt,ucs,40,200040,25,25,9,5,4,0.5555555555555556,155.0,17,False
mapa3_abierto.txt,ucs,41,200041,24,24,9,6,3,0.6666666666666666,157.0,15,False
mapa3_abierto.txt,ucs,42,200042,28,24,9,7,2,0.7777777777777778,180.0,21,False
mapa3_abierto.txt,ucs,43,200043,23,23,9,7,2,0.7777777777777778,161.0,12,False
mapa3_abierto.txt,ucs,44,200044,31,23,9,6,3,0.6666666666666666,154.0,20,False
mapa3_abierto.txt,ucs,45,200045,43,24,9,7,2,0.7777777777777778,177.0,28,False
mapa3_abierto.txt,ucs,46,200046,25,25,9,6,3,0.6666666666666666,162.0,16,False
mapa3_abierto.txt,ucs,47,200047,37,23,9,5,4,0.5555555555555556,188.0,25,False
mapa3_abierto.txt,ucs,48,200048,43,25,9,6,3,0.6666666666666666,177.0,30,False
mapa3_abierto.txt,ucs,49,200049,40,24,9,5,4,0.5555555555555556,192.0,41,False
mapa3_abierto.txt,ucs,50,200050,23,23,9,8,1,0.8888888888888888,161.0,12,False
mapa3_abierto.txt,ucs,51,200051,28,23,9,7,2,0.7777777777777778,195.0,17,False
mapa3_abierto.txt,ucs,52,200052,34,23,9,7,2,0.7777777777777778,168.0,22,False
mapa3_abierto.txt,ucs,53,200053,37,25,9,6,3,0.6666666666666666,169.0,30,False
mapa3_abierto.txt,ucs,54,200054,31,23,9,6,3,0.6666666666666666,166.0,18,False
mapa3_abierto.txt,ucs,55,200055,46,24,9,6,3,0.6666666666666666,296.0,53,False
mapa3_abierto.txt,ucs,56,200056,37,24,9,5,4,0.5555555555555556,158.0,19,False
mapa3_abierto.txt,ucs,57,200057,25,25,9,7,2,0.7777777777777778,158.0,14,False
mapa3_abierto.txt,ucs,58,200058,34,25,9,5,4,0.5555555555555556,167.0,20,False
mapa3_abierto.txt,ucs,59,200059,24,24,9,7,2,0.7777777777777778,151.0,14,False
mapa3_abierto.txt,ucs,60,200060,43,25,9,5,4,0.5555555555555556,182.0,34,False
mapa3_abierto.txt,ucs,61,200061,46,25,9,8,1,0.8888888888888888,189.0,31,False
mapa3_abierto.txt,ucs,62,200062,37,24,9,6,3,0.6666666666666666,187.0,26,False
mapa3_abierto.txt,ucs,63,200063,24,24,9,7,2,0.7777777777777778,151.0,12,False
mapa3_abierto.txt,ucs,64,200064,25,25,9,7,2,0.7777777777777778,191.0,14,False
mapa3_abierto.txt,ucs,65,200065,34,25,9,7,2,0.7777777777777778,178.0,22,False
mapa3_abierto.txt,ucs,66,200066,34,25,9,6,3,0.6666666666666666,183.0,25,False
mapa3_abierto.txt,ucs,67,200067,23,23,9,8,1,0.8888888888888888,173.0,9,False
mapa3_abierto.txt,ucs,68,200068,43,25,9,7,2,0.7777777777777778,183.0,26,False
mapa3_abierto.txt,ucs,69,200069,40,25,9,6,3,0.6666666666666666,218.0,45,False
mapa3_abierto.txt,ucs,70,200070,43,23,9,6,3,0.6666666666666666,168.0,28,False
mapa3_abierto.txt,ucs,71,200071,28,25,9,7,2,0.7777777777777778,183.0,15,False
mapa3_abierto.txt,ucs,72,200072,37,24,9,5,4,0.5555555555555556,182.0,29,False
mapa3_abierto.txt,ucs,73,200073,31,25,9,5,4,0.5555555555555556,153.0,19,False
mapa3_abierto.txt,ucs,74,200074,25,25,9,6,3,0.6666666666666666,141.0,10,False
mapa3_abierto.txt,ucs,75,200075,37,24,9,7,2,0.7777777777777778,177.0,24,False
mapa3_abierto.txt,ucs,76,200076,40,24,9,6,3,0.6666666666666666,182.0,30,False
mapa3_abierto.txt,ucs,77,200077,34,25,9,6,3,0.6666666666666666,186.0,30,False
mapa3_abierto.txt,ucs,78,200078,25,23,9,6,3,0.6666666666666666,163.0,18,False
mapa3_abierto.txt,ucs,79,200079,23,23,9,8,1,0.8888888888888888,165.0,12,False
mapa3_abierto.txt,ucs,80,200080,31,24,9,6,3,0.6666666666666666,172.0,16,False
mapa3_abierto.txt,ucs,81,200081,34,24,9,6,3,0.6666666666666666,174.0,16,False
mapa3_abierto.txt,ucs,82,200082,34,24,9,6,3,0.6666666666666666,226.0,39,False
mapa3_abierto.txt,ucs,83,200083,34,23,9,5,4,0.5555555555555556,185.0,22,False
mapa3_abierto.txt,ucs,84,200084,34,23,9,6,3,0.6666666666666666,183.0,16,False
mapa3_abierto.txt,ucs,85,200085,34,25,9,5,4,0.5555555555555556,153.0,18,False
mapa3_abierto.txt,ucs,86,200086,43,25,9,6,3,0.6666666666666666,209.0,35,False
mapa3_abierto.txt,ucs,87,200087,46,24,9,5,4,0.5555555555555556,187.0,40,False
mapa3_abierto.txt,ucs,88,200088,37,25,9,7,2,0.7777777777777778,178.0,24,False
mapa3_abierto.txt,ucs,89,200089,25,25,9,7,2,0.7777777777777778,158.0,12,False
mapa3_abierto.txt,ucs,90,200090,40,23,9,8,1,0.8888888888888888,177.0,21,False
mapa3_abierto.txt,ucs,91,200091,25,25,9,7,2,0.7777777777777778,163.0,13,False
mapa3_abierto.txt,ucs,92,200092,28,24,9,6,3,0.6666666666666666,171.0,22,False
mapa3_abierto.txt,ucs,93,200093,37,25,9,6,3,0.6666666666666666,175.0,26,False
mapa3_abierto.txt,ucs,94,200094,31,25,9,7,2,0.7777777777777778,167.0,18,False
mapa3_abierto.txt,ucs,95,200095,34,25,9,6,3,0.6666666666666666,197.0,30,False
mapa3_abierto.txt,ucs,96,200096,34,25,9,6,3,0.6666666666666666,243.0,35,False
mapa3_abierto.txt,ucs,97,200097,40,25,9,5,4,0.5555555555555556,236.0,53,False
mapa3_abierto.txt,ucs,98,200098,25,25,9,5,4,0.5555555555555556,164.0,12,False
mapa3_abierto.txt,ucs,99,200099,34,24,9,6,3,0.6666666666666666,164.0,17,False
mapa3_abierto.txt,ucs,100,200100,28,25,9,5,4,0.5555555555555556,157.0,17,False
mapa3_abierto.txt,ucs,101,200101,34,24,9,6,3,0.6666666666666666,163.0,23,False
mapa3_abierto.txt,ucs,102,200102,43,24,9,6,3,0.6666666666666666,202.0,33,False
mapa3_abierto.txt,ucs,103,200103,37,23,9,6,3,0.6666666666666666,186.0,30,False
mapa3_abierto.txt,ucs,104,200104,25,23,9,6,3,0.6666666666666666,161.0,17,False
mapa3_abierto.txt,ucs,105,200105,31,25,9,7,2,0.7777777777777778,173.0,15,False
mapa3_abierto.txt,ucs,106,200106,43,24,9,6,3,0.6666666666666666,283.0,55,False
mapa3_abierto.txt,ucs,107,200107,24,24,9,8,1,0.8888888888888888,180.0,11,False
mapa3_abierto.txt,ucs,108,200108,34,25,9,6,3,0.6666666666666666,191.0,28,False
mapa3_abierto.txt,ucs,109,200109,40,23,9,8,1,0.8888888888888888,180.0,23,False
mapa3_abierto.txt,ucs,110,200110,34,25,9,7,2,0.7777777777777778,183.0,19,False
mapa3_abierto.txt,ucs,111,200111,37,23,9,5,4,0.5555555555555556,173.0,28,False
mapa3_abierto.txt,ucs,112,200112,28,25,9,5,4,0.5555555555555556,164.0,14,False
mapa3_abierto.txt,ucs,113,200113,40,25,9,5,4,0.5555555555555556,175.0,32,False
mapa3_abierto.txt,ucs,114,200114,34,23,9,5,4,0.5555555555555556,161.0,21,False
mapa3_abierto.txt,ucs,115,200115,23,23,9,8,1,0.8888888888888888,157.0,9,False
mapa3_abierto.txt,ucs,116,200116,23,23,9,8,1,0.8888888888888888,157.0,12,False
mapa3_abierto.txt,ucs,117,200117,37,25,9,5,4,0.5555555555555556,166.0,24,False
mapa3_abierto.txt,ucs,118,200118,34,24,9,6,3,0.6666666666666666,161.0,19,False
mapa3_abierto.txt,ucs,119,200119,24,24,9,4,5,0.4444444444444444,161.0,16,False
mapa3_abierto.txt,ucs,120,200120,24,24,9,7,2,0.7777777777777778,149.0,11,False
mapa3_abierto.txt,ucs,121,200121,43,25,9,7,2,0.7777777777777778,186.0,28,False
mapa3_abierto.txt,ucs,122,200122,34,25,9,6,3,0.6666666666666666,169.0,18,False
mapa3_abierto.txt,ucs,123,200123,37,25,9,6,3,0.6666666666666666,185.0,34,False
mapa3_abierto.txt,ucs,124,200124,28,25,9,5,4,0.5555555555555556,181.0,20,False
mapa3_abierto.txt,ucs,125,200125,40,23,9,6,3,0.6666666666666666,189.0,30,False
mapa3_abierto.txt,ucs,126,200126,37,24,9,6,3,0.6666666666666666,170.0,21,False
mapa3_abierto.txt,ucs,127,200127,40,25,9,5,4,0.5555555555555556,171.0,25,False
mapa3_abierto.txt,ucs,128,200128,37,24,9,8,1,0.8888888888888888,190.0,23,False
mapa3_abierto.txt,ucs,129,200129,23,23,9,7,2,0.7777777777777778,170.0,12,False
mapa3_abierto.txt,ucs,130,200130,40,24,9,7,2,0.7777777777777778,184.0,23,False
mapa3_abierto.txt,ucs,131,200131,31,23,9,7,2,0.7777777777777778,180.0,19,False
mapa3_abierto.txt,ucs,132,200132,34,24,9,6,3,0.6666666666666666,189.0,25,False
mapa3_abierto.txt,ucs,133,200133,34,25,9,6,3,0.6666666666666666,189.0,24,False
mapa3_abierto.txt,ucs,134,200134,37,25,9,7,2,0.7777777777777778,170.0,20,False
mapa3_abierto.txt,ucs,135,200135,37,24,9,7,2,0.7777777777777778,186.0,34,False
mapa3_abierto.txt,ucs,136,200136,40,25,9,8,1,0.8888888888888888,180.0,22,False
mapa3_abierto.txt,ucs,137,200137,34,23,9,7,2,0.7777777777777778,174.0,20,False
mapa3_abierto.txt,ucs,138,200138,25,25,9,6,3,0.6666666666666666,175.0,14,False
mapa3_abierto.txt,ucs,139,200139,46,23,9,6,3,0.6666666666666666,179.0,33,False
mapa3_abierto.txt,ucs,140,200140,34,23,9,7,2,0.7777777777777778,172.0,20,False
mapa3_abierto.txt,ucs,141,200141,23,23,9,6,3,0.6666666666666666,154.0,11,False
mapa3_abierto.txt,ucs,142,200142,31,24,9,6,3,0.6666666666666666,174.0,23,False
mapa3_abierto.txt,ucs,143,200143,31,23,9,7,2,0.7777777777777778,165.0,19,False
mapa3_abierto.txt,ucs,144,200144,23,23,9,6,3,0.6666666666666666,148.0,10,False
mapa3_abierto.txt,ucs,145,200145,25,25,9,6,3,0.6666666666666666,168.0,17,False
mapa3_abierto.txt,ucs,146,200146,40,25,9,5,4,0.5555555555555556,176.0,26,False
mapa3_abierto.txt,ucs,147,200147,23,23,9,8,1,0.8888888888888888,177.0,18,False
mapa3_abierto.txt,ucs,148,200148,25,25,9,6,3,0.6666666666666666,150.0,11,False
mapa3_abierto.txt,ucs,149,200149,23,23,9,8,1,0.8888888888888888,161.0,12,False
mapa3_abierto.txt,ucs,150,200150,31,23,9,6,3,0.6666666666666666,179.0,25,False
mapa3_abierto.txt,ucs,151,200151,34,23,9,7,2,0.7777777777777778,185.0,32,False
mapa3_abierto.txt,ucs,152,200152,24,24,9,6,3,0.6666666666666666,152.0,9,False
mapa3_abierto.txt,ucs,153,200153,37,23,9,6,3,0.6666666666666666,164.0,25,False
mapa3_abierto.txt,ucs,154,200154,24,24,9,8,1,0.8888888888888888,157.0,9,False
mapa3_abierto.txt,ucs,155,200155,46,25,9,6,3,0.6666666666666666,188.0,34,False
mapa3_abierto.txt,ucs,156,200156,25,25,9,5,4,0.5555555555555556,139.0,13,False
mapa3_abierto.txt,ucs,157,200157,34,25,9,6,3,0.6666666666666666,219.0,26,False
mapa3_abierto.txt,ucs,158,200158,31,24,9,6,3,0.6666666666666666,165.0,22,False
mapa3_abierto.txt,ucs,159,200159,34,23,9,7,2,0.7777777777777778,174.0,20,False
mapa3_abierto.txt,ucs,160,200160,40,23,9,5,4,0.5555555555555556,184.0,37,False
mapa3_abierto.txt,ucs,161,200161,37,24,9,6,3,0.6666666666666666,185.0,29,False
mapa3_abierto.txt,ucs,162,200162,34,23,9,7,2,0.7777777777777778,176.0,20,False
mapa3_abierto.txt,ucs,163,200163,28,25,9,6,3,0.6666666666666666,178.0,20,False
mapa3_abierto.txt,ucs,164,200164,37,24,9,5,4,0.5555555555555556,179.0,26,False
mapa3_abierto.txt,ucs,165,200165,34,24,9,4,5,0.4444444444444444,163.0,29,False
mapa3_abierto.txt,ucs,166,200166,37,23,9,7,2,0.7777777777777778,197.0,28,False
mapa3_abierto.txt,ucs,167,200167,34,25,9,6,3,0.6666666666666666,176.0,21,False
mapa3_abierto.txt,ucs,168,200168,31,23,9,5,4,0.5555555555555556,173.0,18,False
mapa3_abierto.txt,ucs,169,200169,28,23,9,7,2,0.7777777777777778,160.0,18,False
mapa3_abierto.txt,ucs,170,200170,25,25,9,6,3,0.6666666666666666,177.0,17,False
mapa3_abierto.txt,ucs,171,200171,34,25,9,6,3,0.6666666666666666,175.0,19,False
mapa3_abierto.txt,ucs,172,200172,31,25,9,6,3,0.6666666666666666,235.0,32,False
mapa3_abierto.txt,ucs,173,200173,34,25,9,7,2,0.7777777777777778,173.0,16,False
mapa3_abierto.txt,ucs,174,200174,34,23,9,5,4,0.5555555555555556,178.0,26,False
mapa3_abierto.txt,ucs,175,200175,28,25,9,6,3,0.6666666666666666,153.0,16,False
mapa3_abierto.txt,ucs,176,200176,28,23,9,6,3,0.6666666666666666,171.0,20,False
mapa3_abierto.txt,ucs,177,200177,43,25,9,6,3,0.6666666666666666,252.0,44,False
mapa3_abierto.txt,ucs,178,200178,37,23,9,7,2,0.7777777777777778,168.0,25,False
mapa3_abierto.txt,ucs,179,200179,28,23,9,5,4,0.5555555555555556,162.0,15,False
mapa3_abierto.txt,ucs,180,200180,40,24,9,5,4,0.5555555555555556,163.0,27,False
mapa3_abierto.txt,ucs,181,200181,28,23,9,7,2,0.7777777777777778,174.0,23,False
mapa3_abierto.txt,ucs,182,200182,31,25,9,7,2,0.7777777777777778,196.0,31,False
mapa3_abierto.txt,ucs,183,200183,40,25,9,6,3,0.6666666666666666,170.0,25,False
mapa3_abierto.txt,ucs,184,200184,23,23,9,6,3,0.6666666666666666,145.0,9,False
mapa3_abierto.txt,ucs,185,200185,37,25,9,7,2,0.7777777777777778,174.0,28,False
mapa3_abierto.txt,ucs,186,200186,31,24,9,6,3,0.6666666666666666,180.0,22,False
mapa3_abierto.txt,ucs,187,200187,31,23,9,5,4,0.5555555555555556,169.0,24,False
mapa3_abierto.txt,ucs,188,200188,43,24,9,8,1,0.8888888888888888,188.0,28,False
mapa3_abierto.txt,ucs,189,200189,24,24,9,7,2,0.7777777777777778,159.0,13,False
mapa3_abierto.txt,ucs,190,200190,25,24,9,6,3,0.6666666666666666,152.0,11,False
mapa3_abierto.txt,ucs,191,200191,46,25,9,5,4,0.5555555555555556,207.0,51,False
mapa3_abierto.txt,ucs,192,200192,24,24,9,8,1,0.8888888888888888,163.0,12,False
mapa3_abierto.txt,ucs,193,200193,40,24,9,6,3,0.6666666666666666,183.0,21,False
mapa3_abierto.txt,ucs,194,200194,34,23,9,6,3,0.6666666666666666,165.0,23,False
mapa3_abierto.txt,ucs,195,200195,34,23,9,6,3,0.6666666666666666,166.0,19,False
mapa3_abierto.txt,ucs,196,200196,31,25,9,7,2,0.7777777777777778,176.0,18,False
mapa3_abierto.txt,ucs,197,200197,37,24,9,6,3,0.6666666666666666,225.0,35,False
mapa3_abierto.txt,ucs,198,200198,34,23,9,5,4,0.5555555555555556,168.0,22,False
mapa3_abierto.txt,ucs,199,200199,40,25,9,5,4,0.5555555555555556,173.0,35,False
mapa3_abierto.txt,greedy,0,200000,37,24,9,5,4,0.5555555555555556,219.0,28,False
mapa3_abierto.txt,greedy,1,200001,37,25,9,6,3,0.6666666666666666,195.0,34,False
mapa3_abierto.txt,greedy,2,200002,37,23,9,7,2,0.7777777777777778,176.0,26,False
mapa3_abierto.txt,greedy,3,200003,40,25,9,5,4,0.5555555555555556,372.0,53,False
mapa3_abierto.txt,greedy,4,200004,25,25,9,5,4,0.5555555555555556,154.0,16,False
mapa3_abierto.txt,greedy,5,200005,31,25,9,8,1,0.8888888888888888,176.0,15,False
mapa3_abierto.txt,greedy,6,200006,34,23,9,4,5,0.4444444444444444,170.0,19,False
mapa3_abierto.txt,greedy,7,200007,40,23,9,6,3,0.6666666666666666,202.0,44,False
mapa3_abierto.txt,greedy,8,200008,37,25,9,6,3,0.6666666666666666,189.0,23,False
mapa3_abierto.txt,greedy,9,200009,37,23,9,4,5,0.4444444444444444,210.0,41,False
mapa3_abierto.txt,greedy,10,200010,31,25,9,8,1,0.8888888888888888,174.0,19,False
mapa3_abierto.txt,greedy,11,200011,24,24,9,6,3,0.6666666666666666,144.0,12,False
mapa3_abierto.txt,greedy,12,200012,31,25,9,5,4,0.5555555555555556,159.0,20,False
mapa3_abierto.txt,greedy,13,200013,31,25,9,6,3,0.6666666666666666,173.0,22,False
mapa3_abierto.txt,greedy,14,200014,34,25,9,5,4,0.5555555555555556,197.0,31,False
mapa3_abierto.txt,greedy,15,200015,37,25,9,5,4,0.5555555555555556,177.0,28,False
mapa3_abierto.txt,greedy,16,200016,25,25,9,7,2,0.7777777777777778,165.0,11,False
mapa3_abierto.txt,greedy,17,200017,37,25,9,5,4,0.5555555555555556,177.0,24,False
mapa3_abierto.txt,greedy,18,200018,43,24,9,6,3,0.6666666666666666,171.0,27,False
mapa3_abierto.txt,greedy,19,200019,25,25,9,7,2,0.7777777777777778,151.0,11,False
mapa3_abierto.txt,greedy,20,200020,37,23,9,6,3,0.6666666666666666,346.0,50,False
mapa3_abierto.txt,greedy,21,200021,23,23,9,6,3,0.6666666666666666,161.0,13,False
mapa3_abierto.txt,greedy,22,200022,31,25,9,7,2,0.7777777777777778,183.0,22,False
mapa3_abierto.txt,greedy,23,200023,28,23,9,7,2,0.7777777777777778,173.0,13,False
mapa3_abierto.txt,greedy,24,200024,43,23,9,5,4,0.5555555555555556,169.0,32,False
mapa3_abierto.txt,greedy,25,200025,40,24,9,5,4,0.5555555555555556,184.0,34,False
mapa3_abierto.txt,greedy,26,200026,34,23,9,5,4,0.5555555555555556,152.0,19,False
mapa3_abierto.txt,greedy,27,200027,28,23,9,5,4,0.5555555555555556,160.0,13,False
mapa3_abierto.txt,greedy,28,200028,37,25,9,6,3,0.6666666666666666,177.0,28,False
mapa3_abierto.txt,greedy,29,200029,31,23,9,6,3,0.6666666666666666,157.0,20,False
mapa3_abierto.txt,greedy,30,200030,37,23,9,6,3,0.6666666666666666,203.0,35,False
mapa3_abierto.txt,greedy,31,200031,34,23,9,7,2,0.7777777777777778,208.0,27,False
mapa3_abierto.txt,greedy,32,200032,31,24,9,6,3,0.6666666666666666,160.0,20,False
mapa3_abierto.txt,greedy,33,200033,34,25,9,5,4,0.5555555555555556,170.0,27,False
mapa3_abierto.txt,greedy,34,200034,43,24,9,8,1,0.8888888888888888,187.0,27,False
mapa3_abierto.txt,greedy,35,200035,34,25,9,7,2,0.7777777777777778,170.0,16,False
mapa3_abierto.txt,greedy,36,200036,23,23,9,8,1,0.8888888888888888,163.0,11,False
mapa3_abierto.txt,greedy,37,200037,43,25,9,6,3,0.6666666666666666,176.0,26,False
mapa3_abierto.txt,greedy,38,200038,37,25,9,5,4,0.5555555555555556,165.0,21,False
mapa3_abierto.txt,greedy,39,200039,25,25,9,7,2,0.7777777777777778,158.0,11,False
mapa3_abierto.txt,greedy,40,200040,37,25,9,5,4,0.5555555555555556,176.0,30,False
mapa3_abierto.txt,greedy,41,200041,24,24,9,6,3,0.6666666666666666,157.0,15,False
mapa3_abierto.txt,greedy,42,200042,34,24,9,7,2,0.7777777777777778,186.0,24,False
mapa3_abierto.txt,greedy,43,200043,23,23,9,7,2,0.7777777777777778,161.0,12,False
mapa3_abierto.txt,greedy,44,200044,31,23,9,6,3,0.6666666666666666,154.0,20,False
mapa3_abierto.txt,greedy,45,200045,43,24,9,6,3,0.6666666666666666,169.0,27,False
mapa3_abierto.txt,greedy,46,200046,25,25,9,6,3,0.6666666666666666,162.0,16,False
mapa3_abierto.txt,greedy,47,200047,37,23,9,5,4,0.5555555555555556,188.0,25,False
mapa3_abierto.txt,greedy,48,200048,43,25,9,6,3,0.6666666666666666,177.0,30,False
mapa3_abierto.txt,greedy,49,200049,40,24,9,5,4,0.5555555555555556,210.0,41,False
mapa3_abierto.txt,greedy,50,200050,23,23,9,8,1,0.8888888888888888,161.0,12,False
mapa3_abierto.txt,greedy,51,200051,28,23,9,6,3,0.6666666666666666,177.0,15,False
mapa3_abierto.txt,greedy,52,200052,34,23,9,7,2,0.7777777777777778,168.0,22,False
mapa3_abierto.txt,greedy,53,200053,37,25,9,6,3,0.6666666666666666,171.0,31,False
mapa3_abierto.txt,greedy,54,200054,40,23,9,6,3,0.6666666666666666,175.0,27,False
mapa3_abierto.txt,greedy,55,200055,40,24,9,6,3,0.6666666666666666,284.0,41,False
mapa3_abierto.txt,greedy,56,200056,40,24,9,5,4,0.5555555555555556,161.0,22,False
mapa3_abierto.txt,greedy,57,200057,25,25,9,6,3,0.6666666666666666,144.0,11,False
mapa3_abierto.txt,greedy,58,200058,34,25,9,5,4,0.5555555555555556,167.0,20,False
mapa3_abierto.txt,greedy,59,200059,24,24,9,7,2,0.7777777777777778,151.0,14,False
mapa3_abierto.txt,greedy,60,200060,43,25,9,5,4,0.5555555555555556,182.0,34,False
mapa3_abierto.txt,greedy,61,200061,46,25,9,7,2,0.7777777777777778,206.0,41,False
mapa3_abierto.txt,greedy,62,200062,37,24,9,6,3,0.6666666666666666,181.0,25,False
mapa3_abierto.txt,greedy,63,200063,24,24,9,7,2,0.7777777777777778,151.0,12,False
mapa3_abierto.txt,greedy,64,200064,25,25,9,6,3,0.6666666666666666,171.0,13,False
mapa3_abierto.txt,greedy,65,200065,34,25,9,7,2,0.7777777777777778,178.0,22,False
mapa3_abierto.txt,greedy,66,200066,34,25,9,6,3,0.6666666666666666,183.0,26,False
mapa3_abierto.txt,greedy,67,200067,23,23,9,8,1,0.8888888888888888,173.0,9,False
mapa3_abierto.txt,greedy,68,200068,43,25,9,7,2,0.7777777777777778,183.0,26,False
mapa3_abierto.txt,greedy,69,200069,40,25,9,6,3,0.6666666666666666,203.0,42,False
mapa3_abierto.txt,greedy,70,200070,40,23,9,6,3,0.6666666666666666,177.0,25,False
mapa3_abierto.txt,greedy,71,200071,28,25,9,7,2,0.7777777777777778,183.0,15,False
mapa3_abierto.txt,greedy,72,200072,46,24,9,5,4,0.5555555555555556,194.0,41,False
mapa3_abierto.txt,greedy,73,200073,34,25,9,5,4,0.5555555555555556,156.0,22,False
mapa3_abierto.txt,greedy,74,200074,25,25,9,6,3,0.6666666666666666,141.0,10,False
mapa3_abierto.txt,greedy,75,200075,37,24,9,7,2,0.7777777777777778,177.0,24,False
mapa3_abierto.txt,greedy,76,200076,40,24,9,6,3,0.6666666666666666,188.0,37,False
mapa3_abierto.txt,greedy,77,200077,31,25,9,6,3,0.6666666666666666,183.0,27,False
mapa3_abierto.txt,greedy,78,200078,25,23,9,6,3,0.6666666666666666,163.0,18,False
mapa3_abierto.txt,greedy,79,200079,23,23,9,8,1,0.8888888888888888,165.0,13,False
mapa3_abierto.txt,greedy,80,200080,31,24,9,6,3,0.6666666666666666,172.0,16,False
mapa3_abierto.txt,greedy,81,200081,34,24,9,6,3,0.6666666666666666,174.0,16,False
mapa3_abierto.txt,greedy,82,200082,37,24,9,6,3,0.6666666666666666,238.0,51,False
mapa3_abierto.txt,greedy,83,200083,34,23,9,5,4,0.5555555555555556,185.0,22,False
mapa3_abierto.txt,greedy,84,200084,34,23,9,6,3,0.6666666666666666,183.0,16,False
mapa3_abierto.txt,greedy,85,200085,34,25,9,5,4,0.5555555555555556,153.0,18,False
mapa3_abierto.txt,greedy,86,200086,43,25,9,6,3,0.6666666666666666,209.0,35,False
mapa3_abierto.txt,greedy,87,200087,43,24,9,5,4,0.5555555555555556,184.0,37,False
mapa3_abierto.txt,greedy,88,200088,37,25,9,7,2,0.7777777777777778,178.0,24,False
mapa3_abierto.txt,greedy,89,200089,25,25,9,7,2,0.7777777777777778,158.0,12,False
mapa3_abierto.txt,greedy,90,200090,40,23,9,8,1,0.8888888888888888,177.0,21,False
mapa3_abierto.txt,greedy,91,200091,25,25,9,7,2,0.7777777777777778,163.0,13,False
mapa3_abierto.txt,greedy,92,200092,31,24,9,5,4,0.5555555555555556,169.0,24,False
mapa3_abierto.txt,greedy,93,200093,49,25,9,6,3,0.6666666666666666,187.0,37,False
mapa3_abierto.txt,greedy,94,200094,31,25,9,7,2,0.7777777777777778,167.0,19,False
mapa3_abierto.txt,greedy,95,200095,34,25,9,6,3,0.6666666666666666,197.0,30,False
mapa3_abierto.txt,greedy,96,200096,34,25,9,6,3,0.6666666666666666,243.0,35,False
mapa3_abierto.txt,greedy,97,200097,34,25,9,5,4,0.5555555555555556,224.0,41,False
mapa3_abierto.txt,greedy,98,200098,25,25,9,5,4,0.5555555555555556,164.0,12,False
mapa3_abierto.txt,greedy,99,200099,34,24,9,6,3,0.6666666666666666,164.0,17,False
mapa3_abierto.txt,greedy,100,200100,34,25,9,5,4,0.5555555555555556,175.0,25,False
mapa3_abierto.txt,greedy,101,200101,34,24,9,5,4,0.5555555555555556,158.0,23,False
mapa3_abierto.txt,greedy,102,200102,43,24,9,6,3,0.6666666666666666,211.0,42,False
mapa3_abierto.txt,greedy,103,200103,37,23,9,5,4,0.5555555555555556,181.0,30,False
mapa3_abierto.txt,greedy,104,200104,25,23,9,6,3,0.6666666666666666,158.0,17,False
mapa3_abierto.txt,greedy,105,200105,31,25,9,7,2,0.7777777777777778,173.0,15,False
mapa3_abierto.txt,greedy,106,200106,43,24,9,6,3,0.6666666666666666,283.0,55,False
mapa3_abierto.txt,greedy,107,200107,24,24,9,8,1,0.8888888888888888,180.0,11,False
mapa3_abierto.txt,greedy,108,200108,34,25,9,6,3,0.6666666666666666,219.0,34,False
mapa3_abierto.txt,greedy,109,200109,40,23,9,8,1,0.8888888888888888,180.0,23,False
mapa3_abierto.txt,greedy,110,200110,40,25,9,7,2,0.7777777777777778,189.0,25,False
mapa3_abierto.txt,greedy,111,200111,31,23,9,5,4,0.5555555555555556,167.0,22,False
mapa3_abierto.txt,greedy,112,200112,28,25,9,5,4,0.5555555555555556,164.0,14,False
mapa3_abierto.txt,greedy,113,200113,34,25,9,5,4,0.5555555555555556,166.0,23,False
mapa3_abierto.txt,greedy,114,200114,34,23,9,5,4,0.5555555555555556,161.0,21,False
mapa3_abierto.txt,greedy,115,200115,23,23,9,8,1,0.8888888888888888,157.0,9,False
mapa3_abierto.txt,greedy,116,200116,23,23,9,8,1,0.8888888888888888,171.0,10,False
mapa3_abierto.txt,greedy,117,200117,37,25,9,5,4,0.5555555555555556,175.0,27,False
mapa3_abierto.txt,greedy,118,200118,34,24,9,6,3,0.6666666666666666,161.0,19,False
mapa3_abierto.txt,greedy,119,200119,24,24,9,4,5,0.4444444444444444,161.0,16,False
mapa3_abierto.txt,greedy,120,200120,24,24,9,7,2,0.7777777777777778,149.0,11,False
mapa3_abierto.txt,greedy,121,200121,43,25,9,7,2,0.7777777777777778,186.0,28,False
mapa3_abierto.txt,greedy,122,200122,34,25,9,6,3,0.6666666666666666,169.0,18,False
mapa3_abierto.txt,greedy,123,200123,37,25,9,6,3,0.6666666666666666,185.0,34,False
mapa3_abierto.txt,greedy,124,200124,28,25,9,5,4,0.5555555555555556,181.0,20,False
mapa3_abierto.txt,greedy,125,200125,34,23,9,6,3,0.6666666666666666,183.0,24,False
mapa3_abierto.txt,greedy,126,200126,37,24,9,6,3,0.6666666666666666,170.0,21,False
mapa3_abierto.txt,greedy,127,200127,40,25,9,5,4,0.5555555555555556,171.0,25,False
mapa3_abierto.txt,greedy,128,200128,37,24,9,8,1,0.8888888888888888,190.0,23,False
mapa3_abierto.txt,greedy,129,200129,23,23,9,7,2,0.7777777777777778,170.0,12,False
mapa3_abierto.txt,greedy,130,200130,40,24,9,7,2,0.7777777777777778,184.0,23,False
mapa3_abierto.txt,greedy,131,200131,37,23,9,7,2,0.7777777777777778,186.0,25,False
mapa3_abierto.txt,greedy,132,200132,34,24,9,6,3,0.6666666666666666,189.0,25,False
mapa3_abierto.txt,greedy,133,200133,34,25,9,6,3,0.6666666666666666,204.0,33,False
mapa3_abierto.txt,greedy,134,200134,37,25,9,7,2,0.7777777777777778,170.0,20,False
mapa3_abierto.txt,greedy,135,200135,37,24,9,6,3,0.6666666666666666,241.0,47,False
mapa3_abierto.txt,greedy,136,200136,40,25,9,8,1,0.8888888888888888,180.0,22,False
mapa3_abierto.txt,greedy,137,200137,34,23,9,7,2,0.7777777777777778,174.0,20,False
mapa3_abierto.txt,greedy,138,200138,34,25,9,6,3,0.6666666666666666,190.0,19,False
mapa3_abierto.txt,greedy,139,200139,37,23,9,6,3,0.6666666666666666,170.0,25,False
mapa3_abierto.txt,greedy,140,200140,34,23,9,7,2,0.7777777777777778,172.0,20,False
mapa3_abierto.txt,greedy,141,200141,23,23,9,6,3,0.6666666666666666,154.0,10,False
mapa3_abierto.txt,greedy,142,200142,34,24,9,6,3,0.6666666666666666,177.0,26,False
mapa3_abierto.txt,greedy,143,200143,31,23,9,7,2,0.7777777777777778,165.0,19,False
mapa3_abierto.txt,greedy,144,200144,23,23,9,6,3,0.6666666666666666,148.0,10,False
mapa3_abierto.txt,greedy,145,200145,25,25,9,6,3,0.6666666666666666,195.0,20,False
mapa3_abierto.txt,greedy,146,200146,37,25,9,5,4,0.5555555555555556,173.0,23,False
mapa3_abierto.txt,greedy,147,200147,23,23,9,7,2,0.7777777777777778,167.0,17,False
mapa3_abierto.txt,greedy,148,200148,25,25,9,6,3,0.6666666666666666,150.0,11,False
mapa3_abierto.txt,greedy,149,200149,23,23,9,8,1,0.8888888888888888,161.0,12,False
mapa3_abierto.txt,greedy,150,200150,31,23,9,6,3,0.6666666666666666,179.0,25,False
mapa3_abierto.txt,greedy,151,200151,34,23,9,6,3,0.6666666666666666,176.0,31,False
mapa3_abierto.txt,greedy,152,200152,24,24,9,6,3,0.6666666666666666,152.0,9,False
mapa3_abierto.txt,greedy,153,200153,37,23,9,6,3,0.6666666666666666,164.0,25,False
mapa3_abierto.txt,greedy,154,200154,24,24,9,8,1,0.8888888888888888,157.0,9,False
mapa3_abierto.txt,greedy,155,200155,43,25,9,6,3,0.6666666666666666,185.0,31,False
mapa3_abierto.txt,greedy,156,200156,34,25,9,5,4,0.5555555555555556,154.0,22,False
mapa3_abierto.txt,greedy,157,200157,37,25,9,6,3,0.6666666666666666,186.0,29,False
mapa3_abierto.txt,greedy,158,200158,37,24,9,6,3,0.6666666666666666,189.0,35,False
mapa3_abierto.txt,greedy,159,200159,25,23,9,7,2,0.7777777777777778,165.0,15,False
mapa3_abierto.txt,greedy,160,200160,34,23,9,5,4,0.5555555555555556,178.0,31,False
mapa3_abierto.txt,greedy,161,200161,37,24,9,5,4,0.5555555555555556,183.0,31,False
mapa3_abierto.txt,greedy,162,200162,34,23,9,7,2,0.7777777777777778,176.0,20,False
mapa3_abierto.txt,greedy,163,200163,28,25,9,6,3,0.6666666666666666,181.0,21,False
mapa3_abierto.txt,greedy,164,200164,31,24,9,5,4,0.5555555555555556,187.0,20,False
mapa3_abierto.txt,greedy,165,200165,34,24,9,4,5,0.4444444444444444,163.0,29,False
mapa3_abierto.txt,greedy,166,200166,40,23,9,7,2,0.7777777777777778,203.0,32,False
mapa3_abierto.txt,greedy,167,200167,40,25,9,6,3,0.6666666666666666,182.0,27,False
mapa3_abierto.txt,greedy,168,200168,40,23,9,5,4,0.5555555555555556,182.0,27,False
mapa3_abierto.txt,greedy,169,200169,31,23,9,7,2,0.7777777777777778,163.0,19,False
mapa3_abierto.txt,greedy,170,200170,31,25,9,6,3,0.6666666666666666,186.0,20,False
mapa3_abierto.txt,greedy,171,200171,34,25,9,6,3,0.6666666666666666,175.0,19,False
mapa3_abierto.txt,greedy,172,200172,40,25,9,6,3,0.6666666666666666,256.0,53,False
mapa3_abierto.txt,greedy,173,200173,34,25,9,7,2,0.7777777777777778,173.0,16,False
mapa3_abierto.txt,greedy,174,200174,34,23,9,5,4,0.5555555555555556,169.0,23,False
mapa3_abierto.txt,greedy,175,200175,34,25,9,6,3,0.6666666666666666,159.0,22,False
mapa3_abierto.txt,greedy,176,200176,28,23,9,6,3,0.6666666666666666,171.0,20,False
mapa3_abierto.txt,greedy,177,200177,43,25,9,6,3,0.6666666666666666,252.0,44,False
mapa3_abierto.txt,greedy,178,200178,37,23,9,6,3,0.6666666666666666,169.0,24,False
mapa3_abierto.txt,greedy,179,200179,28,23,9,5,4,0.5555555555555556,162.0,15,False
mapa3_abierto.txt,greedy,180,200180,34,24,9,5,4,0.5555555555555556,157.0,22,False
mapa3_abierto.txt,greedy,181,200181,37,23,9,6,3,0.6666666666666666,192.0,32,False
mapa3_abierto.txt,greedy,182,200182,34,25,9,6,3,0.6666666666666666,175.0,33,False
mapa3_abierto.txt,greedy,183,200183,43,25,9,6,3,0.6666666666666666,173.0,28,False
mapa3_abierto.txt,greedy,184,200184,23,23,9,6,3,0.6666666666666666,145.0,9,False
mapa3_abierto.txt,greedy,185,200185,34,25,9,7,2,0.7777777777777778,171.0,25,False
mapa3_abierto.txt,greedy,186,200186,40,24,9,6,3,0.6666666666666666,195.0,35,False
mapa3_abierto.txt,greedy,187,200187,34,23,9,5,4,0.5555555555555556,178.0,33,False
mapa3_abierto.txt,greedy,188,200188,43,24,9,8,1,0.8888888888888888,188.0,28,False
mapa3_abierto.txt,greedy,189,200189,24,24,9,7,2,0.7777777777777778,159.0,13,False
mapa3_abierto.txt,greedy,190,200190,25,24,9,6,3,0.6666666666666666,152.0,11,False
mapa3_abierto.txt,greedy,191,200191,46,25,9,5,4,0.5555555555555556,221.0,51,False
mapa3_abierto.txt,greedy,192,200192,24,24,9,8,1,0.8888888888888888,163.0,12,False
mapa3_abierto.txt,greedy,193,200193,40,24,9,6,3,0.6666666666666666,197.0,25,False
mapa3_abierto.txt,greedy,194,200194,34,23,9,6,3,0.6666666666666666,174.0,27,False
mapa3_abierto.txt,greedy,195,200195,34,23,9,6,3,0.6666666666666666,166.0,17,False
mapa3_abierto.txt,greedy,196,200196,31,25,9,7,2,0.7777777777777778,176.0,18,False
mapa3_abierto.txt,greedy,197,200197,43,24,9,6,3,0.6666666666666666,234.0,46,False
mapa3_abierto.txt,greedy,198,200198,34,23,9,5,4,0.5555555555555556,174.0,24,False
mapa3_abierto.txt,greedy,199,200199,40,25,9,5,4,0.5555555555555556,164.0,30,False
mapa3_abierto.txt,astar,0,200000,37,24,9,5,4,0.5555555555555556,219.0,28,False
mapa3_abierto.txt,astar,1,200001,37,25,9,6,3,0.6666666666666666,195.0,34,False
mapa3_abierto.txt,astar,2,200002,37,23,9,7,2,0.7777777777777778,176.0,26,False
mapa3_abierto.txt,astar,3,200003,40,25,9,5,4,0.5555555555555556,243.0,44,False
mapa3_abierto.txt,astar,4,200004,25,25,9,5,4,0.5555555555555556,157.0,17,False
mapa3_abierto.txt,astar,5,200005,31,25,9,8,1,0.8888888888888888,176.0,15,False
mapa3_abierto.txt,astar,6,200006,37,23,9,4,5,0.4444444444444444,173.0,22,False
mapa3_abierto.txt,astar,7,200007,43,23,9,7,2,0.7777777777777778,224.0,54,False
mapa3_abierto.txt,astar,8,200008,37,25,9,6,3,0.6666666666666666,189.0,23,False
mapa3_abierto.txt,astar,9,200009,43,23,9,4,5,0.4444444444444444,222.0,53,False
mapa3_abierto.txt,astar,10,200010,31,25,9,8,1,0.8888888888888888,174.0,19,False
mapa3_abierto.txt,astar,11,200011,24,24,9,6,3,0.6666666666666666,144.0,12,False
mapa3_abierto.txt,astar,12,200012,31,25,9,6,3,0.6666666666666666,161.0,20,False
mapa3_abierto.txt,astar,13,200013,37,25,9,6,3,0.6666666666666666,179.0,28,False
mapa3_abierto.txt,astar,14,200014,43,25,9,5,4,0.5555555555555556,215.0,49,False
mapa3_abierto.txt,astar,15,200015,37,25,9,5,4,0.5555555555555556,177.0,28,False
mapa3_abierto.txt,astar,16,200016,25,25,9,7,2,0.7777777777777778,165.0,11,False
mapa3_abierto.txt,astar,17,200017,37,25,9,5,4,0.5555555555555556,177.0,24,False
mapa3_abierto.txt,astar,18,200018,43,24,9,6,3,0.6666666666666666,171.0,27,False
mapa3_abierto.txt,astar,19,200019,25,25,9,8,1,0.8888888888888888,175.0,11,False
mapa3_abierto.txt,astar,20,200020,37,23,9,7,2,0.7777777777777778,213.0,38,False
mapa3_abierto.txt,astar,21,200021,23,23,9,6,3,0.6666666666666666,161.0,13,False
mapa3_abierto.txt,astar,22,200022,40,25,9,7,2,0.7777777777777778,192.0,31,False
mapa3_abierto.txt,astar,23,200023,28,23,9,7,2,0.7777777777777778,173.0,13,False
mapa3_abierto.txt,astar,24,200024,43,23,9,5,4,0.5555555555555556,169.0,32,False
mapa3_abierto.txt,astar,25,200025,31,24,9,5,4,0.5555555555555556,172.0,24,False
mapa3_abierto.txt,astar,26,200026,34,23,9,5,4,0.5555555555555556,152.0,19,False
mapa3_abierto.txt,astar,27,200027,28,23,9,5,4,0.5555555555555556,160.0,13,False
mapa3_abierto.txt,astar,28,200028,37,25,9,6,3,0.6666666666666666,177.0,28,False
mapa3_abierto.txt,astar,29,200029,37,23,9,6,3,0.6666666666666666,163.0,24,False
mapa3_abierto.txt,astar,30,200030,37,23,9,6,3,0.6666666666666666,185.0,31,False
mapa3_abierto.txt,astar,31,200031,34,23,9,7,2,0.7777777777777778,198.0,27,False
mapa3_abierto.txt,astar,32,200032,31,24,9,7,2,0.7777777777777778,168.0,21,False
mapa3_abierto.txt,astar,33,200033,34,25,9,5,4,0.5555555555555556,164.0,23,False
mapa3_abierto.txt,astar,34,200034,43,24,9,8,1,0.8888888888888888,187.0,27,False
mapa3_abierto.txt,astar,35,200035,34,25,9,7,2,0.7777777777777778,170.0,16,False
mapa3_abierto.txt,astar,36,200036,23,23,9,8,1,0.8888888888888888,163.0,11,False
mapa3_abierto.txt,astar,37,200037,43,25,9,6,3,0.6666666666666666,176.0,26,False
mapa3_abierto.txt,astar,38,200038,25,25,9,5,4,0.5555555555555556,147.0,11,False
mapa3_abierto.txt,astar,39,200039,25,25,9,7,2,0.7777777777777778,158.0,11,False
mapa3_abierto.txt,astar,40,200040,25,25,9,5,4,0.5555555555555556,155.0,17,False
mapa3_abierto.txt,astar,41,200041,24,24,9,6,3,0.6666666666666666,157.0,15,False
mapa3_abierto.txt,astar,42,200042,28,24,9,7,2,0.7777777777777778,180.0,21,False
mapa3_abierto.txt,astar,43,200043,23,23,9,7,2,0.7777777777777778,161.0,12,False
mapa3_abierto.txt,astar,44,200044,31,23,9,6,3,0.6666666666666666,154.0,20,False
mapa3_abierto.txt,astar,45,200045,43,24,9,7,2,0.7777777777777778,177.0,28,False
mapa3_abierto.txt,astar,46,200046,25,25,9,6,3,0.6666666666666666,162.0,16,False
mapa3_abierto.txt,astar,47,200047,37,23,9,5,4,0.5555555555555556,188.0,25,False
mapa3_abierto.txt,astar,48,200048,43,25,9,6,3,0.6666666666666666,177.0,30,False
mapa3_abierto.txt,astar,49,200049,40,24,9,5,4,0.5555555555555556,192.0,41,False
mapa3_abierto.txt,astar,50,200050,23,23,9,8,1,0.8888888888888888,161.0,12,False
mapa3_abierto.txt,astar,51,200051,28,23,9,7,2,0.7777777777777778,195.0,17,False
mapa3_abierto.txt,astar,52,200052,34,23,9,7,2,0.7777777777777778,168.0,22,False
mapa3_abierto.txt,astar,53,200053,37,25,9,6,3,0.6666666666666666,169.0,30,False
mapa3_abierto.txt,astar,54,200054,31,23,9,6,3,0.6666666666666666,166.0,18,False
mapa3_abierto.txt,astar,55,200055,46,24,9,6,3,0.6666666666666666,296.0,53,False
mapa3_abierto.txt,astar,56,200056,37,24,9,5,4,0.5555555555555556,158.0,19,False
mapa3_abierto.txt,astar,57,200057,25,25,9,7,2,0.7777777777777778,158.0,14,False
mapa3_abierto.txt,astar,58,200058,34,25,9,5,4,0.5555555555555556,167.0,20,False
mapa3_abierto.txt,astar,59,200059,24,24,9,7,2,0.7777777777777778,151.0,14,False
mapa3_abierto.txt,astar,60,200060,43,25,9,5,4,0.5555555555555556,182.0,34,False
mapa3_abierto.txt,astar,61,200061,46,25,9,8,1,0.8888888888888888,189.0,31,False
mapa3_abierto.txt,astar,62,200062,37,24,9,6,3,0.6666666666666666,187.0,26,False
mapa3_abierto.txt,astar,63,200063,24,24,9,7,2,0.7777777777777778,151.0,12,False
mapa3_abierto.txt,astar,64,200064,25,25,9,7,2,0.7777777777777778,191.0,14,False
mapa3_abierto.txt,astar,65,200065,34,25,9,7,2,0.7777777777777778,178.0,22,False
mapa3_abierto.txt,astar,66,200066,34,25,9,6,3,0.6666666666666666,183.0,25,False
mapa3_abierto.txt,astar,67,200067,23,23,9,8,1,0.8888888888888888,173.0,9,False
mapa3_abierto.txt,astar,68,200068,43,25,9,7,2,0.7777777777777778,183.0,26,False
mapa3_abierto.txt,astar,69,200069,40,25,9,6,3,0.6666666666666666,218.0,45,False
mapa3_abierto.txt,astar,70,200070,43,23,9,6,3,0.6666666666666666,168.0,28,False
mapa3_abierto.txt,astar,71,200071,28,25,9,7,2,0.7777777777777778,183.0,15,False
mapa3_abierto.txt,astar,72,200072,37,24,9,5,4,0.5555555555555556,182.0,29,False
mapa3_abierto.txt,astar,73,200073,31,25,9,5,4,0.5555555555555556,153.0,19,False
mapa3_abierto.txt,astar,74,200074,25,25,9,6,3,0.6666666666666666,141.0,10,False
mapa3_abierto.txt,astar,75,200075,37,24,9,7,2,0.7777777777777778,177.0,24,False
mapa3_abierto.txt,astar,76,200076,40,24,9,6,3,0.6666666666666666,182.0,30,False
mapa3_abierto.txt,astar,77,200077,34,25,9,6,3,0.6666666666666666,186.0,30,False
mapa3_abierto.txt,astar,78,200078,25,23,9,6,3,0.6666666666666666,163.0,18,False
mapa3_abierto.txt,astar,79,200079,23,23,9,8,1,0.8888888888888888,165.0,12,False
mapa3_abierto.txt,astar,80,200080,31,24,9,6,3,0.6666666666666666,172.0,16,False
mapa3_abierto.txt,astar,81,200081,34,24,9,6,3,0.6666666666666666,174.0,16,False
mapa3_abierto.txt,astar,82,200082,34,24,9,6,3,0.6666666666666666,226.0,39,False
mapa3_abierto.txt,astar,83,200083,34,23,9,5,4,0.5555555555555556,185.0,22,False
mapa3_abierto.txt,astar,84,200084,34,23,9,6,3,0.6666666666666666,183.0,16,False
mapa3_abierto.txt,astar,85,200085,34,25,9,5,4,0.5555555555555556,153.0,18,False
mapa3_abierto.txt,astar,86,200086,43,25,9,6,3,0.6666666666666666,209.0,35,False
mapa3_abierto.txt,astar,87,200087,46,24,9,5,4,0.5555555555555556,187.0,40,False
mapa3_abierto.txt,astar,88,200088,37,25,9,7,2,0.7777777777777778,178.0,24,False
mapa3_abierto.txt,astar,89,200089,25,25,9,7,2,0.7777777777777778,158.0,12,False
mapa3_abierto.txt,astar,90,200090,40,23,9,8,1,0.8888888888888888,177.0,21,False
mapa3_abierto.txt,astar,91,200091,25,25,9,7,2,0.7777777777777778,163.0,13,False
mapa3_abierto.txt,astar,92,200092,28,24,9,6,3,0.6666666666666666,171.0,22,False
mapa3_abierto.txt,astar,93,200093,37,25,9,6,3,0.6666666666666666,175.0,26,False
mapa3_abierto.txt,astar,94,200094,31,25,9,7,2,0.7777777777777778,167.0,18,False
mapa3_abierto.txt,astar,95,200095,34,25,9,6,3,0.6666666666666666,197.0,30,False
mapa3_abierto.txt,astar,96,200096,34,25,9,6,3,0.6666666666666666,243.0,35,False
mapa3_abierto.txt,astar,97,200097,40,25,9,5,4,0.5555555555555556,236.0,53,False
mapa3_abierto.txt,astar,98,200098,25,25,9,5,4,0.5555555555555556,164.0,12,False
mapa3_abierto.txt,astar,99,200099,34,24,9,6,3,0.6666666666666666,164.0,17,False
mapa3_abierto.txt,astar,100,200100,28,25,9,5,4,0.5555555555555556,157.0,17,False
mapa3_abierto.txt,astar,101,200101,34,24,9,6,3,0.6666666666666666,163.0,23,False
mapa3_abierto.txt,astar,102,200102,43,24,9,6,3,0.6666666666666666,205.0,36,False
mapa3_abierto.txt,astar,103,200103,37,23,9,6,3,0.6666666666666666,186.0,30,False
mapa3_abierto.txt,astar,104,200104,25,23,9,6,3,0.6666666666666666,161.0,17,False
mapa3_abierto.txt,astar,105,200105,31,25,9,7,2,0.7777777777777778,173.0,15,False
mapa3_abierto.txt,astar,106,200106,43,24,9,6,3,0.6666666666666666,283.0,55,False
mapa3_abierto.txt,astar,107,200107,24,24,9,8,1,0.8888888888888888,180.0,11,False
mapa3_abierto.txt,astar,108,200108,34,25,9,6,3,0.6666666666666666,191.0,28,False
mapa3_abierto.txt,astar,109,200109,40,23,9,8,1,0.8888888888888888,180.0,23,False
mapa3_abierto.txt,astar,110,200110,34,25,9,7,2,0.7777777777777778,183.0,19,False
mapa3_abierto.txt,astar,111,200111,37,23,9,5,4,0.5555555555555556,173.0,28,False
mapa3_abierto.txt,astar,112,200112,28,25,9,5,4,0.5555555555555556,164.0,14,False
mapa3_abierto.txt,astar,113,200113,40,25,9,5,4,0.5555555555555556,175.0,32,False
mapa3_abierto.txt,astar,114,200114,34,23,9,5,4,0.5555555555555556,161.0,21,False
mapa3_abierto.txt,astar,115,200115,23,23,9,8,1,0.8888888888888888,157.0,9,False
mapa3_abierto.txt,astar,116,200116,23,23,9,8,1,0.8888888888888888,157.0,12,False
mapa3_abierto.txt,astar,117,200117,37,25,9,5,4,0.5555555555555556,166.0,24,False
mapa3_abierto.txt,astar,118,200118,34,24,9,6,3,0.6666666666666666,161.0,19,False
mapa3_abierto.txt,astar,119,200119,24,24,9,4,5,0.4444444444444444,161.0,16,False
mapa3_abierto.txt,astar,120,200120,24,24,9,7,2,0.7777777777777778,149.0,11,False
mapa3_abierto.txt,astar,121,200121,43,25,9,7,2,0.7777777777777778,186.0,28,False
mapa3_abierto.txt,astar,122,200122,34,25,9,6,3,0.6666666666666666,169.0,18,False
mapa3_abierto.txt,astar,123,200123,37,25,9,6,3,0.6666666666666666,185.0,34,False
mapa3_abierto.txt,astar,124,200124,28,25,9,5,4,0.5555555555555556,181.0,20,False
mapa3_abierto.txt,astar,125,200125,40,23,9,6,3,0.6666666666666666,189.0,30,False
mapa3_abierto.txt,astar,126,200126,37,24,9,6,3,0.6666666666666666,170.0,21,False
mapa3_abierto.txt,astar,127,200127,40,25,9,5,4,0.5555555555555556,171.0,25,False
mapa3_abierto.txt,astar,128,200128,37,24,9,8,1,0.8888888888888888,190.0,23,False
mapa3_abierto.txt,astar,129,200129,23,23,9,7,2,0.7777777777777778,170.0,12,False
mapa3_abierto.txt,astar,130,200130,40,24,9,7,2,0.7777777777777778,184.0,23,False
mapa3_abierto.txt,astar,131,200131,31,23,9,7,2,0.7777777777777778,180.0,19,False
mapa3_abierto.txt,astar,132,200132,34,24,9,6,3,0.6666666666666666,189.0,25,False
mapa3_abierto.txt,astar,133,200133,34,25,9,6,3,0.6666666666666666,189.0,24,False
mapa3_abierto.txt,astar,134,200134,37,25,9,7,2,0.7777777777777778,170.0,20,False
mapa3_abierto.txt,astar,135,200135,37,24,9,7,2,0.7777777777777778,186.0,34,False
mapa3_abierto.txt,astar,136,200136,40,25,9,8,1,0.8888888888888888,180.0,22,False
mapa3_abierto.txt,astar,137,200137,34,23,9,7,2,0.7777777777777778,174.0,20,False
mapa3_abierto.txt,astar,138,200138,25,25,9,6,3,0.6666666666666666,175.0,14,False
mapa3_abierto.txt,astar,139,200139,46,23,9,6,3,0.6666666666666666,179.0,33,False
mapa3_abierto.txt,astar,140,200140,34,23,9,7,2,0.7777777777777778,172.0,20,False
mapa3_abierto.txt,astar,141,200141,23,23,9,6,3,0.6666666666666666,154.0,11,False
mapa3_abierto.txt,astar,142,200142,31,24,9,6,3,0.6666666666666666,174.0,23,False
mapa3_abierto.txt,astar,143,200143,31,23,9,7,2,0.7777777777777778,165.0,19,False
mapa3_abierto.txt,astar,144,200144,23,23,9,6,3,0.6666666666666666,148.0,10,False
mapa3_abierto.txt,astar,145,200145,25,25,9,6,3,0.6666666666666666,168.0,17,False
mapa3_abierto.txt,astar,146,200146,40,25,9,5,4,0.5555555555555556,176.0,26,False
mapa3_abierto.txt,astar,147,200147,23,23,9,8,1,0.8888888888888888,177.0,18,False
mapa3_abierto.txt,astar,148,200148,25,25,9,6,3,0.6666666666666666,150.0,11,False
mapa3_abierto.txt,astar,149,200149,23,23,9,8,1,0.8888888888888888,161.0,12,False
mapa3_abierto.txt,astar,150,200150,31,23,9,6,3,0.6666666666666666,179.0,25,False
mapa3_abierto.txt,astar,151,200151,34,23,9,7,2,0.7777777777777778,185.0,32,False
mapa3_abierto.txt,astar,152,200152,24,24,9,6,3,0.6666666666666666,152.0,9,False
mapa3_abierto.txt,astar,153,200153,37,23,9,6,3,0.6666666666666666,164.0,25,False
mapa3_abierto.txt,astar,154,200154,24,24,9,8,1,0.8888888888888888,157.0,9,False
mapa3_abierto.txt,astar,155,200155,46,25,9,6,3,0.6666666666666666,188.0,34,False
mapa3_abierto.txt,astar,156,200156,25,25,9,5,4,0.5555555555555556,139.0,13,False
mapa3_abierto.txt,astar,157,200157,34,25,9,6,3,0.6666666666666666,219.0,26,False
mapa3_abierto.txt,astar,158,200158,31,24,9,6,3,0.6666666666666666,165.0,22,False
mapa3_abierto.txt,astar,159,200159,34,23,9,7,2,0.7777777777777778,174.0,20,False
mapa3_abierto.txt,astar,160,200160,40,23,9,5,4,0.5555555555555556,184.0,37,False
mapa3_abierto.txt,astar,161,200161,37,24,9,6,3,0.6666666666666666,185.0,29,False
mapa3_abierto.txt,astar,162,200162,34,23,9,7,2,0.7777777777777778,176.0,20,False
mapa3_abierto.txt,astar,163,200163,28,25,9,6,3,0.6666666666666666,178.0,20,False
mapa3_abierto.txt,astar,164,200164,37,24,9,5,4,0.5555555555555556,179.0,26,False
mapa3_abierto.txt,astar,165,200165,37,24,9,4,5,0.4444444444444444,166.0,32,False
mapa3_abierto.txt,astar,166,200166,37,23,9,7,2,0.7777777777777778,197.0,28,False
mapa3_abierto.txt,astar,167,200167,34,25,9,6,3,0.6666666666666666,176.0,21,False
mapa3_abierto.txt,astar,168,200168,31,23,9,5,4,0.5555555555555556,173.0,18,False
mapa3_abierto.txt,astar,169,200169,28,23,9,7,2,0.7777777777777778,160.0,18,False
mapa3_abierto.txt,astar,170,200170,25,25,9,6,3,0.6666666666666666,177.0,17,False
mapa3_abierto.txt,astar,171,200171,34,25,9,6,3,0.6666666666666666,175.0,19,False
mapa3_abierto.txt,astar,172,200172,31,25,9,6,3,0.6666666666666666,235.0,32,False
mapa3_abierto.txt,astar,173,200173,34,25,9,7,2,0.7777777777777778,173.0,16,False
mapa3_abierto.txt,astar,174,200174,34,23,9,5,4,0.5555555555555556,178.0,26,False
mapa3_abierto.txt,astar,175,200175,28,25,9,6,3,0.6666666666666666,153.0,16,False
mapa3_abierto.txt,astar,176,200176,28,23,9,6,3,0.6666666666666666,171.0,20,False
mapa3_abierto.txt,astar,177,200177,43,25,9,6,3,0.6666666666666666,252.0,44,False
mapa3_abierto.txt,astar,178,200178,37,23,9,7,2,0.7777777777777778,168.0,25,False
mapa3_abierto.txt,astar,179,200179,28,23,9,5,4,0.5555555555555556,162.0,15,False
mapa3_abierto.txt,astar,180,200180,40,24,9,5,4,0.5555555555555556,163.0,27,False
mapa3_abierto.txt,astar,181,200181,28,23,9,7,2,0.7777777777777778,174.0,23,False
mapa3_abierto.txt,astar,182,200182,31,25,9,7,2,0.7777777777777778,196.0,31,False
mapa3_abierto.txt,astar,183,200183,40,25,9,6,3,0.6666666666666666,170.0,25,False
mapa3_abierto.txt,astar,184,200184,23,23,9,6,3,0.6666666666666666,145.0,9,False
mapa3_abierto.txt,astar,185,200185,37,25,9,7,2,0.7777777777777778,174.0,28,False
mapa3_abierto.txt,astar,186,200186,31,24,9,6,3,0.6666666666666666,180.0,22,False
mapa3_abierto.txt,astar,187,200187,31,23,9,5,4,0.5555555555555556,169.0,24,False
mapa3_abierto.txt,astar,188,200188,43,24,9,8,1,0.8888888888888888,188.0,28,False
mapa3_abierto.txt,astar,189,200189,24,24,9,7,2,0.7777777777777778,159.0,13,False
mapa3_abierto.txt,astar,190,200190,25,24,9,6,3,0.6666666666666666,152.0,11,False
mapa3_abierto.txt,astar,191,200191,46,25,9,5,4,0.5555555555555556,207.0,51,False
mapa3_abierto.txt,astar,192,200192,24,24,9,8,1,0.8888888888888888,163.0,12,False
mapa3_abierto.txt,astar,193,200193,40,24,9,6,3,0.6666666666666666,183.0,21,False
mapa3_abierto.txt,astar,194,200194,34,23,9,6,3,0.6666666666666666,165.0,23,False
mapa3_abierto.txt,astar,195,200195,34,23,9,6,3,0.6666666666666666,166.0,19,False
mapa3_abierto.txt,astar,196,200196,31,25,9,7,2,0.7777777777777778,176.0,18,False
mapa3_abierto.txt,astar,197,200197,37,24,9,6,3,0.6666666666666666,225.0,35,False
mapa3_abierto.txt,astar,198,200198,34,23,9,5,4,0.5555555555555556,168.0,22,False
mapa3_abierto.txt,astar,199,200199,40,25,9,5,4,0.5555555555555556,173.0,35,False
mapa3_abierto.txt,genetico,0,200000,40,24,9,5,4,0.5555555555555556,192.0,33,False
mapa3_abierto.txt,genetico,1,200001,40,25,9,7,2,0.7777777777777778,200.0,39,False
mapa3_abierto.txt,genetico,2,200002,34,23,9,7,2,0.7777777777777778,170.0,26,False
mapa3_abierto.txt,genetico,3,200003,40,29,9,6,3,0.6666666666666666,185.0,32,False
mapa3_abierto.txt,genetico,4,200004,27,27,9,6,3,0.6666666666666666,163.0,19,False
mapa3_abierto.txt,genetico,5,200005,37,25,9,8,1,0.8888888888888888,186.0,21,False
mapa3_abierto.txt,genetico,6,200006,49,23,9,7,2,0.7777777777777778,198.0,38,False
mapa3_abierto.txt,genetico,7,200007,34,25,9,7,2,0.7777777777777778,187.0,31,False
mapa3_abierto.txt,genetico,8,200008,37,25,9,7,2,0.7777777777777778,179.0,24,False
mapa3_abierto.txt,genetico,9,200009,28,23,9,4,5,0.4444444444444444,147.0,22,False
mapa3_abierto.txt,genetico,10,200010,34,25,9,8,1,0.8888888888888888,177.0,20,False
mapa3_abierto.txt,genetico,11,200011,26,26,9,6,3,0.6666666666666666,146.0,14,False
mapa3_abierto.txt,genetico,12,200012,25,25,9,7,2,0.7777777777777778,155.0,17,False
mapa3_abierto.txt,genetico,13,200013,25,25,9,7,2,0.7777777777777778,155.0,16,False
mapa3_abierto.txt,genetico,14,200014,37,25,9,5,4,0.5555555555555556,189.0,32,False
mapa3_abierto.txt,genetico,15,200015,31,25,9,5,4,0.5555555555555556,153.0,19,False
mapa3_abierto.txt,genetico,16,200016,25,25,9,8,1,0.8888888888888888,151.0,14,False
mapa3_abierto.txt,genetico,17,200017,37,25,9,7,2,0.7777777777777778,187.0,27,False
mapa3_abierto.txt,genetico,18,200018,40,26,9,8,1,0.8888888888888888,185.0,26,False
mapa3_abierto.txt,genetico,19,200019,25,24,9,7,2,0.7777777777777778,158.0,17,False
mapa3_abierto.txt,genetico,20,200020,31,23,9,7,2,0.7777777777777778,173.0,24,False
mapa3_abierto.txt,genetico,21,200021,23,23,9,7,2,0.7777777777777778,176.0,14,False
mapa3_abierto.txt,genetico,22,200022,49,25,9,6,3,0.6666666666666666,194.0,47,False
mapa3_abierto.txt,genetico,23,200023,37,23,9,6,3,0.6666666666666666,160.0,23,False
mapa3_abierto.txt,genetico,24,200024,43,23,9,5,4,0.5555555555555556,172.0,32,False
mapa3_abierto.txt,genetico,25,200025,34,24,9,7,2,0.7777777777777778,180.0,28,False
mapa3_abierto.txt,genetico,26,200026,23,23,9,5,4,0.5555555555555556,147.0,14,False
mapa3_abierto.txt,genetico,27,200027,37,23,9,6,3,0.6666666666666666,165.0,21,False
mapa3_abierto.txt,genetico,28,200028,25,25,9,7,2,0.7777777777777778,162.0,19,False
mapa3_abierto.txt,genetico,29,200029,43,23,9,6,3,0.6666666666666666,166.0,27,False
mapa3_abierto.txt,genetico,30,200030,37,23,9,5,4,0.5555555555555556,179.0,30,False
mapa3_abierto.txt,genetico,31,200031,37,23,9,7,2,0.7777777777777778,227.0,38,False
mapa3_abierto.txt,genetico,32,200032,43,24,9,7,2,0.7777777777777778,180.0,34,False
mapa3_abierto.txt,genetico,33,200033,25,25,9,6,3,0.6666666666666666,148.0,15,False
mapa3_abierto.txt,genetico,34,200034,34,24,9,7,2,0.7777777777777778,177.0,24,False
mapa3_abierto.txt,genetico,35,200035,31,25,9,6,3,0.6666666666666666,157.0,17,False
mapa3_abierto.txt,genetico,36,200036,23,23,9,7,2,0.7777777777777778,159.0,16,False
mapa3_abierto.txt,genetico,37,200037,25,25,9,7,2,0.7777777777777778,151.0,14,False
mapa3_abierto.txt,genetico,38,200038,25,25,9,6,3,0.6666666666666666,144.0,16,False
mapa3_abierto.txt,genetico,39,200039,25,25,9,4,5,0.4444444444444444,148.0,15,False
mapa3_abierto.txt,genetico,40,200040,37,25,9,7,2,0.7777777777777778,180.0,27,False
mapa3_abierto.txt,genetico,41,200041,24,24,9,6,3,0.6666666666666666,152.0,19,False
mapa3_abierto.txt,genetico,42,200042,37,24,9,7,2,0.7777777777777778,185.0,29,False
mapa3_abierto.txt,genetico,43,200043,34,23,9,7,2,0.7777777777777778,166.0,23,False
mapa3_abierto.txt,genetico,44,200044,28,23,9,7,2,0.7777777777777778,159.0,16,False
mapa3_abierto.txt,genetico,45,200045,40,24,9,6,3,0.6666666666666666,167.0,26,False
mapa3_abierto.txt,genetico,46,200046,43,25,9,6,3,0.6666666666666666,180.0,32,False
mapa3_abierto.txt,genetico,47,200047,46,23,9,6,3,0.6666666666666666,180.0,31,False
mapa3_abierto.txt,genetico,48,200048,43,25,9,7,2,0.7777777777777778,206.0,44,False
mapa3_abierto.txt,genetico,49,200049,40,26,9,6,3,0.6666666666666666,193.0,39,False
mapa3_abierto.txt,genetico,50,200050,23,23,9,8,1,0.8888888888888888,155.0,12,False
mapa3_abierto.txt,genetico,51,200051,37,23,9,6,3,0.6666666666666666,214.0,30,False
mapa3_abierto.txt,genetico,52,200052,23,23,9,8,1,0.8888888888888888,160.0,13,False
mapa3_abierto.txt,genetico,53,200053,25,25,9,6,3,0.6666666666666666,155.0,20,False
mapa3_abierto.txt,genetico,54,200054,37,23,9,5,4,0.5555555555555556,170.0,31,False
mapa3_abierto.txt,genetico,55,200055,24,24,9,6,3,0.6666666666666666,156.0,14,False
mapa3_abierto.txt,genetico,56,200056,34,24,9,7,2,0.7777777777777778,173.0,18,False
mapa3_abierto.txt,genetico,57,200057,25,25,9,5,4,0.5555555555555556,142.0,13,False
mapa3_abierto.txt,genetico,58,200058,34,25,9,5,4,0.5555555555555556,163.0,22,False
mapa3_abierto.txt,genetico,59,200059,24,24,9,6,3,0.6666666666666666,141.0,16,False
mapa3_abierto.txt,genetico,60,200060,25,25,9,6,3,0.6666666666666666,152.0,15,False
mapa3_abierto.txt,genetico,61,200061,31,25,9,7,2,0.7777777777777778,171.0,20,False
mapa3_abierto.txt,genetico,62,200062,37,24,9,6,3,0.6666666666666666,179.0,25,False
mapa3_abierto.txt,genetico,63,200063,24,24,9,7,2,0.7777777777777778,169.0,14,False
mapa3_abierto.txt,genetico,64,200064,25,25,9,7,2,0.7777777777777778,183.0,18,False
mapa3_abierto.txt,genetico,65,200065,25,25,9,7,2,0.7777777777777778,163.0,20,False
mapa3_abierto.txt,genetico,66,200066,40,25,9,6,3,0.6666666666666666,170.0,29,False
mapa3_abierto.txt,genetico,67,200067,23,23,9,8,1,0.8888888888888888,161.0,12,False
mapa3_abierto.txt,genetico,68,200068,37,25,9,6,3,0.6666666666666666,175.0,23,False
mapa3_abierto.txt,genetico,69,200069,25,25,9,7,2,0.7777777777777778,181.0,22,False
mapa3_abierto.txt,genetico,70,200070,37,23,9,5,4,0.5555555555555556,154.0,22,False
mapa3_abierto.txt,genetico,71,200071,25,25,9,7,2,0.7777777777777778,155.0,20,False
mapa3_abierto.txt,genetico,72,200072,46,24,9,5,4,0.5555555555555556,207.0,47,False
mapa3_abierto.txt,genetico,73,200073,28,25,9,7,2,0.7777777777777778,165.0,19,False
mapa3_abierto.txt,genetico,74,200074,27,27,9,7,2,0.7777777777777778,157.0,12,False
mapa3_abierto.txt,genetico,75,200075,37,26,9,7,2,0.7777777777777778,185.0,28,False
mapa3_abierto.txt,genetico,76,200076,43,26,9,7,2,0.7777777777777778,224.0,47,False
mapa3_abierto.txt,genetico,77,200077,31,25,9,6,3,0.6666666666666666,177.0,24,False
mapa3_abierto.txt,genetico,78,200078,23,23,9,6,3,0.6666666666666666,161.0,18,False
mapa3_abierto.txt,genetico,79,200079,23,23,9,8,1,0.8888888888888888,165.0,13,False
mapa3_abierto.txt,genetico,80,200080,24,24,9,7,2,0.7777777777777778,152.0,13,False
mapa3_abierto.txt,genetico,81,200081,40,24,9,6,3,0.6666666666666666,172.0,24,False
mapa3_abierto.txt,genetico,82,200082,34,24,9,7,2,0.7777777777777778,189.0,34,False
mapa3_abierto.txt,genetico,83,200083,49,23,9,6,3,0.6666666666666666,305.0,61,False
mapa3_abierto.txt,genetico,84,200084,40,23,9,6,3,0.6666666666666666,177.0,27,False
mapa3_abierto.txt,genetico,85,200085,25,25,9,7,2,0.7777777777777778,155.0,18,False
mapa3_abierto.txt,genetico,86,200086,25,25,9,6,3,0.6666666666666666,183.0,19,False
mapa3_abierto.txt,genetico,87,200087,40,24,9,6,3,0.6666666666666666,226.0,44,False
mapa3_abierto.txt,genetico,88,200088,25,25,9,7,2,0.7777777777777778,157.0,14,False
mapa3_abierto.txt,genetico,89,200089,25,25,9,7,2,0.7777777777777778,157.0,14,False
mapa3_abierto.txt,genetico,90,200090,37,23,9,8,1,0.8888888888888888,174.0,21,False
mapa3_abierto.txt,genetico,91,200091,25,25,9,6,3,0.6666666666666666,157.0,18,False
mapa3_abierto.txt,genetico,92,200092,40,24,9,5,4,0.5555555555555556,175.0,34,False
mapa3_abierto.txt,genetico,93,200093,25,25,9,6,3,0.6666666666666666,148.0,13,False
mapa3_abierto.txt,genetico,94,200094,31,25,9,6,3,0.6666666666666666,165.0,20,False
mapa3_abierto.txt,genetico,95,200095,25,25,9,6,3,0.6666666666666666,148.0,14,False
mapa3_abierto.txt,genetico,96,200096,34,27,9,6,3,0.6666666666666666,182.0,27,False
mapa3_abierto.txt,genetico,97,200097,37,25,9,6,3,0.6666666666666666,176.0,34,False
mapa3_abierto.txt,genetico,98,200098,25,25,9,6,3,0.6666666666666666,172.0,19,False
mapa3_abierto.txt,genetico,99,200099,46,28,9,7,2,0.7777777777777778,182.0,30,False
mapa3_abierto.txt,genetico,100,200100,40,25,9,6,3,0.6666666666666666,180.0,26,False
mapa3_abierto.txt,genetico,101,200101,37,24,9,5,4,0.5555555555555556,165.0,27,False
mapa3_abierto.txt,genetico,102,200102,37,24,9,6,3,0.6666666666666666,176.0,26,False
mapa3_abierto.txt,genetico,103,200103,37,23,9,5,4,0.5555555555555556,176.0,30,False
mapa3_abierto.txt,genetico,104,200104,25,25,9,6,3,0.6666666666666666,162.0,17,False
mapa3_abierto.txt,genetico,105,200105,25,25,9,7,2,0.7777777777777778,149.0,13,False
mapa3_abierto.txt,genetico,106,200106,31,24,9,6,3,0.6666666666666666,207.0,23,False
mapa3_abierto.txt,genetico,107,200107,26,26,9,7,2,0.7777777777777778,165.0,12,False
mapa3_abierto.txt,genetico,108,200108,37,25,9,6,3,0.6666666666666666,192.0,33,False
mapa3_abierto.txt,genetico,109,200109,25,25,9,6,3,0.6666666666666666,148.0,12,False
mapa3_abierto.txt,genetico,110,200110,25,25,9,7,2,0.7777777777777778,162.0,12,False
mapa3_abierto.txt,genetico,111,200111,43,23,9,7,2,0.7777777777777778,182.0,30,False
mapa3_abierto.txt,genetico,112,200112,40,25,9,7,2,0.7777777777777778,192.0,24,False
mapa3_abierto.txt,genetico,113,200113,37,25,9,7,2,0.7777777777777778,175.0,27,False
mapa3_abierto.txt,genetico,114,200114,23,23,9,6,3,0.6666666666666666,149.0,18,False
mapa3_abierto.txt,genetico,115,200115,23,23,9,9,0,1.0,168.0,12,False
mapa3_abierto.txt,genetico,116,200116,23,23,9,8,1,0.8888888888888888,157.0,15,False
mapa3_abierto.txt,genetico,117,200117,43,21,9,4,5,0.4444444444444444,165.0,29,False
mapa3_abierto.txt,genetico,118,200118,34,24,9,7,2,0.7777777777777778,170.0,19,False
mapa3_abierto.txt,genetico,119,200119,24,24,9,5,4,0.5555555555555556,148.0,17,False
mapa3_abierto.txt,genetico,120,200120,24,24,9,6,3,0.6666666666666666,144.0,16,False
mapa3_abierto.txt,genetico,121,200121,34,25,9,7,2,0.7777777777777778,181.0,25,False
mapa3_abierto.txt,genetico,122,200122,25,25,9,7,2,0.7777777777777778,174.0,20,False
mapa3_abierto.txt,genetico,123,200123,27,27,9,7,2,0.7777777777777778,164.0,17,False
mapa3_abierto.txt,genetico,124,200124,28,25,9,5,4,0.5555555555555556,161.0,20,False
mapa3_abierto.txt,genetico,125,200125,34,23,9,6,3,0.6666666666666666,197.0,39,False
mapa3_abierto.txt,genetico,126,200126,49,25,9,7,2,0.7777777777777778,205.0,33,False
mapa3_abierto.txt,genetico,127,200127,37,25,9,7,2,0.7777777777777778,179.0,24,False
mapa3_abierto.txt,genetico,128,200128,37,24,9,8,1,0.8888888888888888,190.0,28,False
mapa3_abierto.txt,genetico,129,200129,23,23,9,7,2,0.7777777777777778,196.0,23,False
mapa3_abierto.txt,genetico,130,200130,24,24,9,6,3,0.6666666666666666,142.0,13,False
mapa3_abierto.txt,genetico,131,200131,43,23,9,7,2,0.7777777777777778,180.0,33,False
mapa3_abierto.txt,genetico,132,200132,34,24,9,6,3,0.6666666666666666,183.0,20,False
mapa3_abierto.txt,genetico,133,200133,37,25,9,6,3,0.6666666666666666,167.0,28,False
mapa3_abierto.txt,genetico,134,200134,43,25,9,8,1,0.8888888888888888,184.0,27,False
mapa3_abierto.txt,genetico,135,200135,37,26,9,7,2,0.7777777777777778,210.0,37,False
mapa3_abierto.txt,genetico,136,200136,43,25,9,6,3,0.6666666666666666,168.0,27,False
mapa3_abierto.txt,genetico,137,200137,40,23,9,6,3,0.6666666666666666,171.0,28,False
mapa3_abierto.txt,genetico,138,200138,25,25,9,6,3,0.6666666666666666,181.0,16,False
mapa3_abierto.txt,genetico,139,200139,25,25,9,6,3,0.6666666666666666,159.0,19,False
mapa3_abierto.txt,genetico,140,200140,23,23,9,7,2,0.7777777777777778,157.0,10,False
mapa3_abierto.txt,genetico,141,200141,23,23,9,7,2,0.7777777777777778,158.0,10,False
mapa3_abierto.txt,genetico,142,200142,40,26,9,6,3,0.6666666666666666,184.0,34,False
mapa3_abierto.txt,genetico,143,200143,23,23,9,7,2,0.7777777777777778,156.0,15,False
mapa3_abierto.txt,genetico,144,200144,23,23,9,6,3,0.6666666666666666,142.0,11,False
mapa3_abierto.txt,genetico,145,200145,25,25,9,6,3,0.6666666666666666,190.0,17,False
mapa3_abierto.txt,genetico,146,200146,25,25,9,6,3,0.6666666666666666,156.0,14,False
mapa3_abierto.txt,genetico,147,200147,23,23,9,8,1,0.8888888888888888,161.0,19,False
mapa3_abierto.txt,genetico,148,200148,37,25,9,7,2,0.7777777777777778,181.0,19,False
mapa3_abierto.txt,genetico,149,200149,23,23,9,8,1,0.8888888888888888,167.0,15,False
mapa3_abierto.txt,genetico,150,200150,40,23,9,5,4,0.5555555555555556,172.0,33,False
mapa3_abierto.txt,genetico,151,200151,23,23,9,7,2,0.7777777777777778,156.0,19,False
mapa3_abierto.txt,genetico,152,200152,24,24,9,6,3,0.6666666666666666,155.0,15,False
mapa3_abierto.txt,genetico,153,200153,23,23,9,7,2,0.7777777777777778,158.0,14,False
mapa3_abierto.txt,genetico,154,200154,24,24,9,8,1,0.8888888888888888,157.0,13,False
mapa3_abierto.txt,genetico,155,200155,34,25,9,6,3,0.6666666666666666,176.0,26,False
mapa3_abierto.txt,genetico,156,200156,34,25,9,6,3,0.6666666666666666,183.0,31,False
mapa3_abierto.txt,genetico,157,200157,25,25,9,6,3,0.6666666666666666,156.0,17,False
mapa3_abierto.txt,genetico,158,200158,40,24,9,6,3,0.6666666666666666,198.0,49,False
mapa3_abierto.txt,genetico,159,200159,25,25,9,7,2,0.7777777777777778,162.0,17,False
mapa3_abierto.txt,genetico,160,200160,34,23,9,5,4,0.5555555555555556,158.0,28,False
mapa3_abierto.txt,genetico,161,200161,43,24,9,7,2,0.7777777777777778,217.0,46,False
mapa3_abierto.txt,genetico,162,200162,31,23,9,6,3,0.6666666666666666,174.0,19,False
mapa3_abierto.txt,genetico,163,200163,25,25,9,6,3,0.6666666666666666,188.0,17,False
mapa3_abierto.txt,genetico,164,200164,37,24,9,5,4,0.5555555555555556,170.0,32,False
mapa3_abierto.txt,genetico,165,200165,37,24,9,6,3,0.6666666666666666,168.0,28,False
mapa3_abierto.txt,genetico,166,200166,34,23,9,7,2,0.7777777777777778,204.0,29,False
mapa3_abierto.txt,genetico,167,200167,37,25,9,6,3,0.6666666666666666,217.0,36,False
mapa3_abierto.txt,genetico,168,200168,43,25,9,5,4,0.5555555555555556,194.0,44,False
mapa3_abierto.txt,genetico,169,200169,23,23,9,7,2,0.7777777777777778,152.0,16,False
mapa3_abierto.txt,genetico,170,200170,49,25,9,6,3,0.6666666666666666,203.0,41,False
mapa3_abierto.txt,genetico,171,200171,43,25,9,6,3,0.6666666666666666,180.0,33,False
mapa3_abierto.txt,genetico,172,200172,34,25,9,7,2,0.7777777777777778,187.0,31,False
mapa3_abierto.txt,genetico,173,200173,25,25,9,5,4,0.5555555555555556,145.0,15,False
mapa3_abierto.txt,genetico,174,200174,23,23,9,7,2,0.7777777777777778,151.0,13,False
mapa3_abierto.txt,genetico,175,200175,28,25,9,6,3,0.6666666666666666,148.0,18,False
mapa3_abierto.txt,genetico,176,200176,31,23,9,6,3,0.6666666666666666,179.0,21,False
mapa3_abierto.txt,genetico,177,200177,25,25,9,7,2,0.7777777777777778,152.0,16,False
mapa3_abierto.txt,genetico,178,200178,25,25,9,7,2,0.7777777777777778,158.0,19,False
mapa3_abierto.txt,genetico,179,200179,23,23,9,7,2,0.7777777777777778,155.0,18,False
mapa3_abierto.txt,genetico,180,200180,31,24,9,5,4,0.5555555555555556,158.0,19,False
mapa3_abierto.txt,genetico,181,200181,28,23,9,7,2,0.7777777777777778,162.0,17,False
mapa3_abierto.txt,genetico,182,200182,46,25,9,7,2,0.7777777777777778,200.0,47,False
mapa3_abierto.txt,genetico,183,200183,34,25,9,5,4,0.5555555555555556,156.0,20,False
mapa3_abierto.txt,genetico,184,200184,23,23,9,6,3,0.6666666666666666,141.0,18,False
mapa3_abierto.txt,genetico,185,200185,37,25,9,7,2,0.7777777777777778,168.0,27,False
mapa3_abierto.txt,genetico,186,200186,40,24,9,6,3,0.6666666666666666,175.0,32,False
mapa3_abierto.txt,genetico,187,200187,23,23,9,6,3,0.6666666666666666,143.0,13,False
mapa3_abierto.txt,genetico,188,200188,43,26,9,5,4,0.5555555555555556,192.0,35,False
mapa3_abierto.txt,genetico,189,200189,26,26,9,7,2,0.7777777777777778,161.0,14,False
mapa3_abierto.txt,genetico,190,200190,25,24,9,6,3,0.6666666666666666,160.0,13,False
mapa3_abierto.txt,genetico,191,200191,25,25,9,6,3,0.6666666666666666,150.0,14,False
mapa3_abierto.txt,genetico,192,200192,24,24,9,8,1,0.8888888888888888,163.0,17,False
mapa3_abierto.txt,genetico,193,200193,40,24,9,6,3,0.6666666666666666,185.0,26,False
mapa3_abierto.txt,genetico,194,200194,23,23,9,6,3,0.6666666666666666,144.0,16,False
mapa3_abierto.txt,genetico,195,200195,40,23,9,6,3,0.6666666666666666,172.0,26,False
mapa3_abierto.txt,genetico,196,200196,40,25,9,7,2,0.7777777777777778,173.0,29,False
mapa3_abierto.txt,genetico,197,200197,43,24,9,6,3,0.6666666666666666,197.0,34,False
mapa3_abierto.txt,genetico,198,200198,43,23,9,5,4,0.5555555555555556,226.0,55,False
mapa3_abierto.txt,genetico,199,200199,34,25,9,7,2,0.7777777777777778,170.0,29,False
